Municipality code,Municipality,Age,Total
075002,Alessano,18,59
075002,Alessano,19,77
075002,Alessano,20,83
075002,Alessano,21,58
075002,Alessano,22,67
075002,Alessano,23,67
075002,Alessano,24,66
075002,Alessano,25,64
075002,Alessano,26,60
075002,Alessano,27,70
075002,Alessano,28,62
075002,Alessano,29,75
075002,Alessano,30,72
075002,Alessano,31,68
075002,Alessano,32,68
075002,Alessano,33,57
075002,Alessano,34,62
075002,Alessano,35,61
075002,Alessano,36,57
075002,Alessano,37,66
075002,Alessano,38,53
075002,Alessano,39,69
075002,Alessano,40,72
075002,Alessano,41,74
075002,Alessano,42,73
075002,Alessano,43,79
075002,Alessano,44,62
075002,Alessano,45,71
075002,Alessano,46,104
075002,Alessano,47,94
075002,Alessano,48,98
075002,Alessano,49,87
075002,Alessano,50,84
075002,Alessano,51,102
075002,Alessano,52,87
075002,Alessano,53,96
075002,Alessano,54,106
075002,Alessano,55,100
075002,Alessano,56,102
075002,Alessano,57,94
075002,Alessano,58,79
075002,Alessano,59,102
075002,Alessano,60,82
075002,Alessano,61,87
075002,Alessano,62,86
075002,Alessano,63,76
075002,Alessano,64,78
075002,Alessano,65,79
075003,Alezio,18,65
075003,Alezio,19,68
075003,Alezio,20,54
075003,Alezio,21,51
075003,Alezio,22,58
075003,Alezio,23,56
075003,Alezio,24,53
075003,Alezio,25,53
075003,Alezio,26,56
075003,Alezio,27,45
075003,Alezio,28,68
075003,Alezio,29,58
075003,Alezio,30,65
075003,Alezio,31,65
075003,Alezio,32,52
075003,Alezio,33,47
075003,Alezio,34,44
075003,Alezio,35,61
075003,Alezio,36,69
075003,Alezio,37,50
075003,Alezio,38,52
075003,Alezio,39,80
075003,Alezio,40,85
075003,Alezio,41,64
075003,Alezio,42,66
075003,Alezio,43,81
075003,Alezio,44,88
075003,Alezio,45,84
075003,Alezio,46,76
075003,Alezio,47,92
075003,Alezio,48,102
075003,Alezio,49,90
075003,Alezio,50,64
075003,Alezio,51,84
075003,Alezio,52,90
075003,Alezio,53,99
075003,Alezio,54,103
075003,Alezio,55,110
075003,Alezio,56,92
075003,Alezio,57,96
075003,Alezio,58,76
075003,Alezio,59,82
075003,Alezio,60,74
075003,Alezio,61,63
075003,Alezio,62,93
075003,Alezio,63,66
075003,Alezio,64,79
075003,Alezio,65,53
075004,Alliste,18,72
075004,Alliste,19,79
075004,Alliste,20,63
075004,Alliste,21,78
075004,Alliste,22,70
075004,Alliste,23,69
075004,Alliste,24,78
075004,Alliste,25,83
075004,Alliste,26,65
075004,Alliste,27,66
075004,Alliste,28,63
075004,Alliste,29,60
075004,Alliste,30,87
075004,Alliste,31,84
075004,Alliste,32,69
075004,Alliste,33,67
075004,Alliste,34,72
075004,Alliste,35,76
075004,Alliste,36,60
075004,Alliste,37,66
075004,Alliste,38,61
075004,Alliste,39,74
075004,Alliste,40,90
075004,Alliste,41,80
075004,Alliste,42,86
075004,Alliste,43,89
075004,Alliste,44,80
075004,Alliste,45,99
075004,Alliste,46,95
075004,Alliste,47,101
075004,Alliste,48,118
075004,Alliste,49,103
075004,Alliste,50,86
075004,Alliste,51,102
075004,Alliste,52,90
075004,Alliste,53,102
075004,Alliste,54,113
075004,Alliste,55,87
075004,Alliste,56,101
075004,Alliste,57,92
075004,Alliste,58,106
075004,Alliste,59,119
075004,Alliste,60,102
075004,Alliste,61,104
075004,Alliste,62,98
075004,Alliste,63,87
075004,Alliste,64,81
075004,Alliste,65,70
075005,Andrano,18,53
075005,Andrano,19,47
075005,Andrano,20,44
075005,Andrano,21,39
075005,Andrano,22,50
075005,Andrano,23,51
075005,Andrano,24,65
075005,Andrano,25,53
075005,Andrano,26,47
075005,Andrano,27,47
075005,Andrano,28,44
075005,Andrano,29,50
075005,Andrano,30,63
075005,Andrano,31,53
075005,Andrano,32,47
075005,Andrano,33,35
075005,Andrano,34,42
075005,Andrano,35,40
075005,Andrano,36,38
075005,Andrano,37,46
075005,Andrano,38,32
075005,Andrano,39,46
075005,Andrano,40,39
075005,Andrano,41,46
075005,Andrano,42,66
075005,Andrano,43,48
075005,Andrano,44,58
075005,Andrano,45,70
075005,Andrano,46,59
075005,Andrano,47,53
075005,Andrano,48,54
075005,Andrano,49,65
075005,Andrano,50,62
075005,Andrano,51,61
075005,Andrano,52,70
075005,Andrano,53,71
075005,Andrano,54,70
075005,Andrano,55,62
075005,Andrano,56,90
075005,Andrano,57,77
075005,Andrano,58,82
075005,Andrano,59,63
075005,Andrano,60,62
075005,Andrano,61,68
075005,Andrano,62,71
075005,Andrano,63,78
075005,Andrano,64,75
075005,Andrano,65,75
075006,Aradeo,18,110
075006,Aradeo,19,92
075006,Aradeo,20,87
075006,Aradeo,21,90
075006,Aradeo,22,87
075006,Aradeo,23,93
075006,Aradeo,24,90
075006,Aradeo,25,89
075006,Aradeo,26,85
075006,Aradeo,27,98
075006,Aradeo,28,89
075006,Aradeo,29,96
075006,Aradeo,30,92
075006,Aradeo,31,92
075006,Aradeo,32,106
075006,Aradeo,33,90
075006,Aradeo,34,105
075006,Aradeo,35,90
075006,Aradeo,36,93
075006,Aradeo,37,112
075006,Aradeo,38,91
075006,Aradeo,39,119
075006,Aradeo,40,101
075006,Aradeo,41,118
075006,Aradeo,42,131
075006,Aradeo,43,136
075006,Aradeo,44,120
075006,Aradeo,45,108
075006,Aradeo,46,126
075006,Aradeo,47,125
075006,Aradeo,48,130
075006,Aradeo,49,129
075006,Aradeo,50,121
075006,Aradeo,51,133
075006,Aradeo,52,109
075006,Aradeo,53,126
075006,Aradeo,54,140
075006,Aradeo,55,156
075006,Aradeo,56,130
075006,Aradeo,57,151
075006,Aradeo,58,126
075006,Aradeo,59,114
075006,Aradeo,60,127
075006,Aradeo,61,120
075006,Aradeo,62,133
075006,Aradeo,63,122
075006,Aradeo,64,109
075006,Aradeo,65,115
075007,Arnesano,18,43
075007,Arnesano,19,52
075007,Arnesano,20,45
075007,Arnesano,21,37
075007,Arnesano,22,45
075007,Arnesano,23,47
075007,Arnesano,24,47
075007,Arnesano,25,30
075007,Arnesano,26,30
075007,Arnesano,27,36
075007,Arnesano,28,34
075007,Arnesano,29,50
075007,Arnesano,30,31
075007,Arnesano,31,38
075007,Arnesano,32,33
075007,Arnesano,33,43
075007,Arnesano,34,38
075007,Arnesano,35,44
075007,Arnesano,36,50
075007,Arnesano,37,44
075007,Arnesano,38,58
075007,Arnesano,39,39
075007,Arnesano,40,51
075007,Arnesano,41,55
075007,Arnesano,42,46
075007,Arnesano,43,52
075007,Arnesano,44,62
075007,Arnesano,45,48
075007,Arnesano,46,68
075007,Arnesano,47,61
075007,Arnesano,48,69
075007,Arnesano,49,62
075007,Arnesano,50,68
075007,Arnesano,51,64
075007,Arnesano,52,66
075007,Arnesano,53,68
075007,Arnesano,54,77
075007,Arnesano,55,69
075007,Arnesano,56,66
075007,Arnesano,57,58
075007,Arnesano,58,69
075007,Arnesano,59,61
075007,Arnesano,60,54
075007,Arnesano,61,56
075007,Arnesano,62,48
075007,Arnesano,63,45
075007,Arnesano,64,36
075007,Arnesano,65,59
073001,Avetrana,18,76
073001,Avetrana,19,62
073001,Avetrana,20,52
073001,Avetrana,21,66
073001,Avetrana,22,60
073001,Avetrana,23,59
073001,Avetrana,24,56
073001,Avetrana,25,76
073001,Avetrana,26,58
073001,Avetrana,27,55
073001,Avetrana,28,35
073001,Avetrana,29,54
073001,Avetrana,30,72
073001,Avetrana,31,72
073001,Avetrana,32,62
073001,Avetrana,33,66
073001,Avetrana,34,67
073001,Avetrana,35,72
073001,Avetrana,36,80
073001,Avetrana,37,78
073001,Avetrana,38,87
073001,Avetrana,39,74
073001,Avetrana,40,73
073001,Avetrana,41,83
073001,Avetrana,42,67
073001,Avetrana,43,87
073001,Avetrana,44,87
073001,Avetrana,45,94
073001,Avetrana,46,93
073001,Avetrana,47,76
073001,Avetrana,48,118
073001,Avetrana,49,84
073001,Avetrana,50,86
073001,Avetrana,51,87
073001,Avetrana,52,83
073001,Avetrana,53,96
073001,Avetrana,54,100
073001,Avetrana,55,95
073001,Avetrana,56,88
073001,Avetrana,57,91
073001,Avetrana,58,87
073001,Avetrana,59,110
073001,Avetrana,60,85
073001,Avetrana,61,83
073001,Avetrana,62,87
073001,Avetrana,63,94
073001,Avetrana,64,87
073001,Avetrana,65,104
075008,Bagnolo del Salento,18,16
075008,Bagnolo del Salento,19,21
075008,Bagnolo del Salento,20,13
075008,Bagnolo del Salento,21,21
075008,Bagnolo del Salento,22,23
075008,Bagnolo del Salento,23,22
075008,Bagnolo del Salento,24,21
075008,Bagnolo del Salento,25,20
075008,Bagnolo del Salento,26,19
075008,Bagnolo del Salento,27,15
075008,Bagnolo del Salento,28,15
075008,Bagnolo del Salento,29,23
075008,Bagnolo del Salento,30,18
075008,Bagnolo del Salento,31,22
075008,Bagnolo del Salento,32,15
075008,Bagnolo del Salento,33,15
075008,Bagnolo del Salento,34,22
075008,Bagnolo del Salento,35,14
075008,Bagnolo del Salento,36,15
075008,Bagnolo del Salento,37,20
075008,Bagnolo del Salento,38,18
075008,Bagnolo del Salento,39,26
075008,Bagnolo del Salento,40,12
075008,Bagnolo del Salento,41,11
075008,Bagnolo del Salento,42,22
075008,Bagnolo del Salento,43,22
075008,Bagnolo del Salento,44,27
075008,Bagnolo del Salento,45,28
075008,Bagnolo del Salento,46,29
075008,Bagnolo del Salento,47,30
075008,Bagnolo del Salento,48,23
075008,Bagnolo del Salento,49,26
075008,Bagnolo del Salento,50,28
075008,Bagnolo del Salento,51,27
075008,Bagnolo del Salento,52,35
075008,Bagnolo del Salento,53,23
075008,Bagnolo del Salento,54,30
075008,Bagnolo del Salento,55,26
075008,Bagnolo del Salento,56,35
075008,Bagnolo del Salento,57,28
075008,Bagnolo del Salento,58,29
075008,Bagnolo del Salento,59,34
075008,Bagnolo del Salento,60,23
075008,Bagnolo del Salento,61,24
075008,Bagnolo del Salento,62,37
075008,Bagnolo del Salento,63,24
075008,Bagnolo del Salento,64,24
075008,Bagnolo del Salento,65,18
075009,Botrugno,18,23
075009,Botrugno,19,31
075009,Botrugno,20,22
075009,Botrugno,21,18
075009,Botrugno,22,23
075009,Botrugno,23,29
075009,Botrugno,24,31
075009,Botrugno,25,25
075009,Botrugno,26,27
075009,Botrugno,27,24
075009,Botrugno,28,29
075009,Botrugno,29,21
075009,Botrugno,30,18
075009,Botrugno,31,31
075009,Botrugno,32,25
075009,Botrugno,33,23
075009,Botrugno,34,31
075009,Botrugno,35,26
075009,Botrugno,36,25
075009,Botrugno,37,26
075009,Botrugno,38,30
075009,Botrugno,39,18
075009,Botrugno,40,24
075009,Botrugno,41,33
075009,Botrugno,42,48
075009,Botrugno,43,36
075009,Botrugno,44,34
075009,Botrugno,45,38
075009,Botrugno,46,36
075009,Botrugno,47,44
075009,Botrugno,48,47
075009,Botrugno,49,31
075009,Botrugno,50,37
075009,Botrugno,51,40
075009,Botrugno,52,41
075009,Botrugno,53,41
075009,Botrugno,54,38
075009,Botrugno,55,39
075009,Botrugno,56,34
075009,Botrugno,57,42
075009,Botrugno,58,45
075009,Botrugno,59,37
075009,Botrugno,60,32
075009,Botrugno,61,30
075009,Botrugno,62,34
075009,Botrugno,63,53
075009,Botrugno,64,22
075009,Botrugno,65,35
074001,Brindisi,18,827
074001,Brindisi,19,855
074001,Brindisi,20,842
074001,Brindisi,21,866
074001,Brindisi,22,847
074001,Brindisi,23,878
074001,Brindisi,24,887
074001,Brindisi,25,792
074001,Brindisi,26,863
074001,Brindisi,27,761
074001,Brindisi,28,803
074001,Brindisi,29,842
074001,Brindisi,30,928
074001,Brindisi,31,879
074001,Brindisi,32,917
074001,Brindisi,33,868
074001,Brindisi,34,873
074001,Brindisi,35,915
074001,Brindisi,36,877
074001,Brindisi,37,965
074001,Brindisi,38,950
074001,Brindisi,39,955
074001,Brindisi,40,1016
074001,Brindisi,41,1043
074001,Brindisi,42,989
074001,Brindisi,43,1006
074001,Brindisi,44,1064
074001,Brindisi,45,1151
074001,Brindisi,46,1231
074001,Brindisi,47,1269
074001,Brindisi,48,1339
074001,Brindisi,49,1274
074001,Brindisi,50,1270
074001,Brindisi,51,1294
074001,Brindisi,52,1289
074001,Brindisi,53,1279
074001,Brindisi,54,1329
074001,Brindisi,55,1357
074001,Brindisi,56,1343
074001,Brindisi,57,1306
074001,Brindisi,58,1381
074001,Brindisi,59,1311
074001,Brindisi,60,1243
074001,Brindisi,61,1219
074001,Brindisi,62,1207
074001,Brindisi,63,1189
074001,Brindisi,64,1117
074001,Brindisi,65,1150
075010,Calimera,18,71
075010,Calimera,19,62
075010,Calimera,20,58
075010,Calimera,21,59
075010,Calimera,22,55
075010,Calimera,23,68
075010,Calimera,24,61
075010,Calimera,25,59
075010,Calimera,26,51
075010,Calimera,27,73
075010,Calimera,28,50
075010,Calimera,29,58
075010,Calimera,30,70
075010,Calimera,31,50
075010,Calimera,32,60
075010,Calimera,33,62
075010,Calimera,34,70
075010,Calimera,35,52
075010,Calimera,36,71
075010,Calimera,37,76
075010,Calimera,38,60
075010,Calimera,39,67
075010,Calimera,40,61
075010,Calimera,41,81
075010,Calimera,42,75
075010,Calimera,43,97
075010,Calimera,44,97
075010,Calimera,45,93
075010,Calimera,46,90
075010,Calimera,47,107
075010,Calimera,48,123
075010,Calimera,49,106
075010,Calimera,50,108
075010,Calimera,51,100
075010,Calimera,52,104
075010,Calimera,53,104
075010,Calimera,54,126
075010,Calimera,55,100
075010,Calimera,56,125
075010,Calimera,57,107
075010,Calimera,58,118
075010,Calimera,59,98
075010,Calimera,60,114
075010,Calimera,61,92
075010,Calimera,62,78
075010,Calimera,63,104
075010,Calimera,64,91
075010,Calimera,65,79
075011,Campi Salentina,18,117
075011,Campi Salentina,19,102
075011,Campi Salentina,20,106
075011,Campi Salentina,21,98
075011,Campi Salentina,22,89
075011,Campi Salentina,23,114
075011,Campi Salentina,24,99
075011,Campi Salentina,25,96
075011,Campi Salentina,26,81
075011,Campi Salentina,27,84
075011,Campi Salentina,28,109
075011,Campi Salentina,29,111
075011,Campi Salentina,30,85
075011,Campi Salentina,31,99
075011,Campi Salentina,32,84
075011,Campi Salentina,33,100
075011,Campi Salentina,34,117
075011,Campi Salentina,35,104
075011,Campi Salentina,36,102
075011,Campi Salentina,37,110
075011,Campi Salentina,38,112
075011,Campi Salentina,39,98
075011,Campi Salentina,40,118
075011,Campi Salentina,41,122
075011,Campi Salentina,42,132
075011,Campi Salentina,43,126
075011,Campi Salentina,44,130
075011,Campi Salentina,45,145
075011,Campi Salentina,46,166
075011,Campi Salentina,47,137
075011,Campi Salentina,48,145
075011,Campi Salentina,49,123
075011,Campi Salentina,50,141
075011,Campi Salentina,51,149
075011,Campi Salentina,52,142
075011,Campi Salentina,53,142
075011,Campi Salentina,54,152
075011,Campi Salentina,55,145
075011,Campi Salentina,56,155
075011,Campi Salentina,57,147
075011,Campi Salentina,58,179
075011,Campi Salentina,59,138
075011,Campi Salentina,60,138
075011,Campi Salentina,61,158
075011,Campi Salentina,62,132
075011,Campi Salentina,63,151
075011,Campi Salentina,64,124
075011,Campi Salentina,65,152
075012,Cannole,18,17
075012,Cannole,19,23
075012,Cannole,20,15
075012,Cannole,21,23
075012,Cannole,22,22
075012,Cannole,23,13
075012,Cannole,24,12
075012,Cannole,25,15
075012,Cannole,26,14
075012,Cannole,27,16
075012,Cannole,28,10
075012,Cannole,29,16
075012,Cannole,30,13
075012,Cannole,31,22
075012,Cannole,32,6
075012,Cannole,33,5
075012,Cannole,34,12
075012,Cannole,35,9
075012,Cannole,36,11
075012,Cannole,37,17
075012,Cannole,38,14
075012,Cannole,39,14
075012,Cannole,40,19
075012,Cannole,41,23
075012,Cannole,42,20
075012,Cannole,43,23
075012,Cannole,44,20
075012,Cannole,45,26
075012,Cannole,46,20
075012,Cannole,47,23
075012,Cannole,48,28
075012,Cannole,49,27
075012,Cannole,50,23
075012,Cannole,51,30
075012,Cannole,52,40
075012,Cannole,53,30
075012,Cannole,54,27
075012,Cannole,55,37
075012,Cannole,56,24
075012,Cannole,57,15
075012,Cannole,58,23
075012,Cannole,59,24
075012,Cannole,60,19
075012,Cannole,61,27
075012,Cannole,62,15
075012,Cannole,63,19
075012,Cannole,64,25
075012,Cannole,65,24
075013,Caprarica di Lecce,18,16
075013,Caprarica di Lecce,19,22
075013,Caprarica di Lecce,20,23
075013,Caprarica di Lecce,21,28
075013,Caprarica di Lecce,22,20
075013,Caprarica di Lecce,23,11
075013,Caprarica di Lecce,24,22
075013,Caprarica di Lecce,25,21
075013,Caprarica di Lecce,26,15
075013,Caprarica di Lecce,27,15
075013,Caprarica di Lecce,28,15
075013,Caprarica di Lecce,29,26
075013,Caprarica di Lecce,30,14
075013,Caprarica di Lecce,31,18
075013,Caprarica di Lecce,32,21
075013,Caprarica di Lecce,33,19
075013,Caprarica di Lecce,34,27
075013,Caprarica di Lecce,35,17
075013,Caprarica di Lecce,36,27
075013,Caprarica di Lecce,37,26
075013,Caprarica di Lecce,38,31
075013,Caprarica di Lecce,39,22
075013,Caprarica di Lecce,40,21
075013,Caprarica di Lecce,41,23
075013,Caprarica di Lecce,42,38
075013,Caprarica di Lecce,43,36
075013,Caprarica di Lecce,44,29
075013,Caprarica di Lecce,45,41
075013,Caprarica di Lecce,46,33
075013,Caprarica di Lecce,47,39
075013,Caprarica di Lecce,48,28
075013,Caprarica di Lecce,49,32
075013,Caprarica di Lecce,50,26
075013,Caprarica di Lecce,51,36
075013,Caprarica di Lecce,52,35
075013,Caprarica di Lecce,53,30
075013,Caprarica di Lecce,54,34
075013,Caprarica di Lecce,55,24
075013,Caprarica di Lecce,56,38
075013,Caprarica di Lecce,57,45
075013,Caprarica di Lecce,58,33
075013,Caprarica di Lecce,59,37
075013,Caprarica di Lecce,60,50
075013,Caprarica di Lecce,61,21
075013,Caprarica di Lecce,62,45
075013,Caprarica di Lecce,63,37
075013,Caprarica di Lecce,64,37
075013,Caprarica di Lecce,65,24
075014,Carmiano,18,137
075014,Carmiano,19,110
075014,Carmiano,20,114
075014,Carmiano,21,129
075014,Carmiano,22,113
075014,Carmiano,23,115
075014,Carmiano,24,115
075014,Carmiano,25,101
075014,Carmiano,26,107
075014,Carmiano,27,129
075014,Carmiano,28,111
075014,Carmiano,29,128
075014,Carmiano,30,131
075014,Carmiano,31,149
075014,Carmiano,32,115
075014,Carmiano,33,138
075014,Carmiano,34,136
075014,Carmiano,35,122
075014,Carmiano,36,118
075014,Carmiano,37,117
075014,Carmiano,38,132
075014,Carmiano,39,130
075014,Carmiano,40,161
075014,Carmiano,41,165
075014,Carmiano,42,155
075014,Carmiano,43,180
075014,Carmiano,44,200
075014,Carmiano,45,190
075014,Carmiano,46,196
075014,Carmiano,47,180
075014,Carmiano,48,179
075014,Carmiano,49,168
075014,Carmiano,50,162
075014,Carmiano,51,187
075014,Carmiano,52,178
075014,Carmiano,53,159
075014,Carmiano,54,153
075014,Carmiano,55,178
075014,Carmiano,56,184
075014,Carmiano,57,199
075014,Carmiano,58,182
075014,Carmiano,59,158
075014,Carmiano,60,166
075014,Carmiano,61,158
075014,Carmiano,62,169
075014,Carmiano,63,134
075014,Carmiano,64,153
075014,Carmiano,65,143
073002,Carosino,18,79
073002,Carosino,19,68
073002,Carosino,20,79
073002,Carosino,21,68
073002,Carosino,22,63
073002,Carosino,23,75
073002,Carosino,24,69
073002,Carosino,25,56
073002,Carosino,26,64
073002,Carosino,27,62
073002,Carosino,28,66
073002,Carosino,29,58
073002,Carosino,30,59
073002,Carosino,31,64
073002,Carosino,32,61
073002,Carosino,33,75
073002,Carosino,34,65
073002,Carosino,35,63
073002,Carosino,36,75
073002,Carosino,37,71
073002,Carosino,38,80
073002,Carosino,39,84
073002,Carosino,40,89
073002,Carosino,41,102
073002,Carosino,42,109
073002,Carosino,43,107
073002,Carosino,44,129
073002,Carosino,45,123
073002,Carosino,46,119
073002,Carosino,47,102
073002,Carosino,48,126
073002,Carosino,49,100
073002,Carosino,50,108
073002,Carosino,51,105
073002,Carosino,52,99
073002,Carosino,53,96
073002,Carosino,54,92
073002,Carosino,55,96
073002,Carosino,56,121
073002,Carosino,57,104
073002,Carosino,58,105
073002,Carosino,59,95
073002,Carosino,60,90
073002,Carosino,61,112
073002,Carosino,62,94
073002,Carosino,63,87
073002,Carosino,64,79
073002,Carosino,65,68
074002,Carovigno,18,164
074002,Carovigno,19,149
074002,Carovigno,20,169
074002,Carovigno,21,188
074002,Carovigno,22,174
074002,Carovigno,23,201
074002,Carovigno,24,167
074002,Carovigno,25,183
074002,Carovigno,26,199
074002,Carovigno,27,205
074002,Carovigno,28,206
074002,Carovigno,29,201
074002,Carovigno,30,213
074002,Carovigno,31,217
074002,Carovigno,32,213
074002,Carovigno,33,217
074002,Carovigno,34,228
074002,Carovigno,35,225
074002,Carovigno,36,203
074002,Carovigno,37,212
074002,Carovigno,38,216
074002,Carovigno,39,228
074002,Carovigno,40,231
074002,Carovigno,41,202
074002,Carovigno,42,215
074002,Carovigno,43,249
074002,Carovigno,44,259
074002,Carovigno,45,255
074002,Carovigno,46,240
074002,Carovigno,47,290
074002,Carovigno,48,264
074002,Carovigno,49,266
074002,Carovigno,50,258
074002,Carovigno,51,264
074002,Carovigno,52,269
074002,Carovigno,53,261
074002,Carovigno,54,262
074002,Carovigno,55,274
074002,Carovigno,56,280
074002,Carovigno,57,283
074002,Carovigno,58,242
074002,Carovigno,59,282
074002,Carovigno,60,241
074002,Carovigno,61,244
074002,Carovigno,62,210
074002,Carovigno,63,243
074002,Carovigno,64,199
074002,Carovigno,65,180
075015,Carpignano Salentino,18,41
075015,Carpignano Salentino,19,25
075015,Carpignano Salentino,20,30
075015,Carpignano Salentino,21,33
075015,Carpignano Salentino,22,29
075015,Carpignano Salentino,23,40
075015,Carpignano Salentino,24,25
075015,Carpignano Salentino,25,22
075015,Carpignano Salentino,26,23
075015,Carpignano Salentino,27,23
075015,Carpignano Salentino,28,23
075015,Carpignano Salentino,29,29
075015,Carpignano Salentino,30,39
075015,Carpignano Salentino,31,34
075015,Carpignano Salentino,32,38
075015,Carpignano Salentino,33,40
075015,Carpignano Salentino,34,50
075015,Carpignano Salentino,35,36
075015,Carpignano Salentino,36,37
075015,Carpignano Salentino,37,41
075015,Carpignano Salentino,38,48
075015,Carpignano Salentino,39,39
075015,Carpignano Salentino,40,44
075015,Carpignano Salentino,41,44
075015,Carpignano Salentino,42,50
075015,Carpignano Salentino,43,48
075015,Carpignano Salentino,44,54
075015,Carpignano Salentino,45,59
075015,Carpignano Salentino,46,56
075015,Carpignano Salentino,47,56
075015,Carpignano Salentino,48,60
075015,Carpignano Salentino,49,58
075015,Carpignano Salentino,50,55
075015,Carpignano Salentino,51,46
075015,Carpignano Salentino,52,54
075015,Carpignano Salentino,53,50
075015,Carpignano Salentino,54,61
075015,Carpignano Salentino,55,60
075015,Carpignano Salentino,56,53
075015,Carpignano Salentino,57,45
075015,Carpignano Salentino,58,48
075015,Carpignano Salentino,59,56
075015,Carpignano Salentino,60,55
075015,Carpignano Salentino,61,61
075015,Carpignano Salentino,62,71
075015,Carpignano Salentino,63,57
075015,Carpignano Salentino,64,60
075015,Carpignano Salentino,65,49
075016,Casarano,18,209
075016,Casarano,19,187
075016,Casarano,20,203
075016,Casarano,21,235
075016,Casarano,22,225
075016,Casarano,23,211
075016,Casarano,24,195
075016,Casarano,25,210
075016,Casarano,26,213
075016,Casarano,27,227
075016,Casarano,28,217
075016,Casarano,29,193
075016,Casarano,30,187
075016,Casarano,31,205
075016,Casarano,32,202
075016,Casarano,33,172
075016,Casarano,34,193
075016,Casarano,35,204
075016,Casarano,36,200
075016,Casarano,37,218
075016,Casarano,38,220
075016,Casarano,39,226
075016,Casarano,40,220
075016,Casarano,41,240
075016,Casarano,42,251
075016,Casarano,43,296
075016,Casarano,44,269
075016,Casarano,45,279
075016,Casarano,46,329
075016,Casarano,47,292
075016,Casarano,48,329
075016,Casarano,49,318
075016,Casarano,50,292
075016,Casarano,51,318
075016,Casarano,52,297
075016,Casarano,53,329
075016,Casarano,54,329
075016,Casarano,55,310
075016,Casarano,56,319
075016,Casarano,57,272
075016,Casarano,58,314
075016,Casarano,59,265
075016,Casarano,60,298
075016,Casarano,61,280
075016,Casarano,62,268
075016,Casarano,63,269
075016,Casarano,64,240
075016,Casarano,65,238
073003,Castellaneta,18,176
073003,Castellaneta,19,156
073003,Castellaneta,20,136
073003,Castellaneta,21,176
073003,Castellaneta,22,179
073003,Castellaneta,23,157
073003,Castellaneta,24,177
073003,Castellaneta,25,179
073003,Castellaneta,26,155
073003,Castellaneta,27,168
073003,Castellaneta,28,165
073003,Castellaneta,29,172
073003,Castellaneta,30,180
073003,Castellaneta,31,177
073003,Castellaneta,32,178
073003,Castellaneta,33,166
073003,Castellaneta,34,154
073003,Castellaneta,35,176
073003,Castellaneta,36,184
073003,Castellaneta,37,169
073003,Castellaneta,38,173
073003,Castellaneta,39,195
073003,Castellaneta,40,209
073003,Castellaneta,41,180
073003,Castellaneta,42,220
073003,Castellaneta,43,218
073003,Castellaneta,44,227
073003,Castellaneta,45,228
073003,Castellaneta,46,251
073003,Castellaneta,47,278
073003,Castellaneta,48,238
073003,Castellaneta,49,249
073003,Castellaneta,50,266
073003,Castellaneta,51,283
073003,Castellaneta,52,215
073003,Castellaneta,53,267
073003,Castellaneta,54,260
073003,Castellaneta,55,267
073003,Castellaneta,56,283
073003,Castellaneta,57,282
073003,Castellaneta,58,238
073003,Castellaneta,59,221
073003,Castellaneta,60,227
073003,Castellaneta,61,255
073003,Castellaneta,62,212
073003,Castellaneta,63,246
073003,Castellaneta,64,208
073003,Castellaneta,65,231
075017,Castri di Lecce,18,20
075017,Castri di Lecce,19,33
075017,Castri di Lecce,20,26
075017,Castri di Lecce,21,33
075017,Castri di Lecce,22,38
075017,Castri di Lecce,23,42
075017,Castri di Lecce,24,34
075017,Castri di Lecce,25,28
075017,Castri di Lecce,26,30
075017,Castri di Lecce,27,29
075017,Castri di Lecce,28,27
075017,Castri di Lecce,29,22
075017,Castri di Lecce,30,22
075017,Castri di Lecce,31,29
075017,Castri di Lecce,32,24
075017,Castri di Lecce,33,35
075017,Castri di Lecce,34,33
075017,Castri di Lecce,35,23
075017,Castri di Lecce,36,25
075017,Castri di Lecce,37,32
075017,Castri di Lecce,38,25
075017,Castri di Lecce,39,22
075017,Castri di Lecce,40,30
075017,Castri di Lecce,41,31
075017,Castri di Lecce,42,34
075017,Castri di Lecce,43,47
075017,Castri di Lecce,44,43
075017,Castri di Lecce,45,45
075017,Castri di Lecce,46,49
075017,Castri di Lecce,47,32
075017,Castri di Lecce,48,50
075017,Castri di Lecce,49,38
075017,Castri di Lecce,50,33
075017,Castri di Lecce,51,54
075017,Castri di Lecce,52,38
075017,Castri di Lecce,53,43
075017,Castri di Lecce,54,47
075017,Castri di Lecce,55,51
075017,Castri di Lecce,56,52
075017,Castri di Lecce,57,44
075017,Castri di Lecce,58,55
075017,Castri di Lecce,59,45
075017,Castri di Lecce,60,34
075017,Castri di Lecce,61,48
075017,Castri di Lecce,62,48
075017,Castri di Lecce,63,36
075017,Castri di Lecce,64,36
075017,Castri di Lecce,65,36
075018,Castrignano de' Greci,18,25
075018,Castrignano de' Greci,19,30
075018,Castrignano de' Greci,20,31
075018,Castrignano de' Greci,21,26
075018,Castrignano de' Greci,22,38
075018,Castrignano de' Greci,23,33
075018,Castrignano de' Greci,24,43
075018,Castrignano de' Greci,25,38
075018,Castrignano de' Greci,26,39
075018,Castrignano de' Greci,27,48
075018,Castrignano de' Greci,28,34
075018,Castrignano de' Greci,29,38
075018,Castrignano de' Greci,30,37
075018,Castrignano de' Greci,31,34
075018,Castrignano de' Greci,32,40
075018,Castrignano de' Greci,33,31
075018,Castrignano de' Greci,34,37
075018,Castrignano de' Greci,35,39
075018,Castrignano de' Greci,36,37
075018,Castrignano de' Greci,37,30
075018,Castrignano de' Greci,38,39
075018,Castrignano de' Greci,39,38
075018,Castrignano de' Greci,40,46
075018,Castrignano de' Greci,41,54
075018,Castrignano de' Greci,42,35
075018,Castrignano de' Greci,43,52
075018,Castrignano de' Greci,44,50
075018,Castrignano de' Greci,45,55
075018,Castrignano de' Greci,46,49
075018,Castrignano de' Greci,47,44
075018,Castrignano de' Greci,48,44
075018,Castrignano de' Greci,49,38
075018,Castrignano de' Greci,50,53
075018,Castrignano de' Greci,51,45
075018,Castrignano de' Greci,52,56
075018,Castrignano de' Greci,53,65
075018,Castrignano de' Greci,54,60
075018,Castrignano de' Greci,55,79
075018,Castrignano de' Greci,56,55
075018,Castrignano de' Greci,57,80
075018,Castrignano de' Greci,58,67
075018,Castrignano de' Greci,59,71
075018,Castrignano de' Greci,60,70
075018,Castrignano de' Greci,61,57
075018,Castrignano de' Greci,62,55
075018,Castrignano de' Greci,63,61
075018,Castrignano de' Greci,64,50
075018,Castrignano de' Greci,65,41
075019,Castrignano del Capo,18,65
075019,Castrignano del Capo,19,42
075019,Castrignano del Capo,20,41
075019,Castrignano del Capo,21,42
075019,Castrignano del Capo,22,56
075019,Castrignano del Capo,23,56
075019,Castrignano del Capo,24,44
075019,Castrignano del Capo,25,53
075019,Castrignano del Capo,26,54
075019,Castrignano del Capo,27,66
075019,Castrignano del Capo,28,49
075019,Castrignano del Capo,29,58
075019,Castrignano del Capo,30,50
075019,Castrignano del Capo,31,59
075019,Castrignano del Capo,32,51
075019,Castrignano del Capo,33,61
075019,Castrignano del Capo,34,53
075019,Castrignano del Capo,35,43
075019,Castrignano del Capo,36,44
075019,Castrignano del Capo,37,48
075019,Castrignano del Capo,38,56
075019,Castrignano del Capo,39,51
075019,Castrignano del Capo,40,49
075019,Castrignano del Capo,41,51
075019,Castrignano del Capo,42,56
075019,Castrignano del Capo,43,62
075019,Castrignano del Capo,44,59
075019,Castrignano del Capo,45,69
075019,Castrignano del Capo,46,69
075019,Castrignano del Capo,47,73
075019,Castrignano del Capo,48,56
075019,Castrignano del Capo,49,72
075019,Castrignano del Capo,50,66
075019,Castrignano del Capo,51,78
075019,Castrignano del Capo,52,78
075019,Castrignano del Capo,53,79
075019,Castrignano del Capo,54,82
075019,Castrignano del Capo,55,76
075019,Castrignano del Capo,56,96
075019,Castrignano del Capo,57,89
075019,Castrignano del Capo,58,84
075019,Castrignano del Capo,59,86
075019,Castrignano del Capo,60,78
075019,Castrignano del Capo,61,86
075019,Castrignano del Capo,62,83
075019,Castrignano del Capo,63,81
075019,Castrignano del Capo,64,71
075019,Castrignano del Capo,65,81
075096,Castro,18,18
075096,Castro,19,22
075096,Castro,20,21
075096,Castro,21,25
075096,Castro,22,28
075096,Castro,23,22
075096,Castro,24,26
075096,Castro,25,29
075096,Castro,26,25
075096,Castro,27,24
075096,Castro,28,26
075096,Castro,29,23
075096,Castro,30,29
075096,Castro,31,25
075096,Castro,32,32
075096,Castro,33,28
075096,Castro,34,31
075096,Castro,35,22
075096,Castro,36,25
075096,Castro,37,13
075096,Castro,38,19
075096,Castro,39,16
075096,Castro,40,22
075096,Castro,41,23
075096,Castro,42,36
075096,Castro,43,29
075096,Castro,44,30
075096,Castro,45,30
075096,Castro,46,27
075096,Castro,47,27
075096,Castro,48,28
075096,Castro,49,38
075096,Castro,50,45
075096,Castro,51,23
075096,Castro,52,39
075096,Castro,53,38
075096,Castro,54,35
075096,Castro,55,58
075096,Castro,56,41
075096,Castro,57,46
075096,Castro,58,36
075096,Castro,59,47
075096,Castro,60,43
075096,Castro,61,41
075096,Castro,62,46
075096,Castro,63,32
075096,Castro,64,45
075096,Castro,65,33
075020,Cavallino,18,121
075020,Cavallino,19,143
075020,Cavallino,20,128
075020,Cavallino,21,146
075020,Cavallino,22,165
075020,Cavallino,23,120
075020,Cavallino,24,127
075020,Cavallino,25,126
075020,Cavallino,26,136
075020,Cavallino,27,129
075020,Cavallino,28,119
075020,Cavallino,29,127
075020,Cavallino,30,131
075020,Cavallino,31,153
075020,Cavallino,32,145
075020,Cavallino,33,130
075020,Cavallino,34,135
075020,Cavallino,35,139
075020,Cavallino,36,153
075020,Cavallino,37,153
075020,Cavallino,38,178
075020,Cavallino,39,163
075020,Cavallino,40,171
075020,Cavallino,41,201
075020,Cavallino,42,188
075020,Cavallino,43,216
075020,Cavallino,44,221
075020,Cavallino,45,178
075020,Cavallino,46,197
075020,Cavallino,47,214
075020,Cavallino,48,218
075020,Cavallino,49,192
075020,Cavallino,50,227
075020,Cavallino,51,193
075020,Cavallino,52,212
075020,Cavallino,53,226
075020,Cavallino,54,207
075020,Cavallino,55,197
075020,Cavallino,56,218
075020,Cavallino,57,209
075020,Cavallino,58,246
075020,Cavallino,59,210
075020,Cavallino,60,198
075020,Cavallino,61,224
075020,Cavallino,62,174
075020,Cavallino,63,168
075020,Cavallino,64,165
075020,Cavallino,65,161
074003,Ceglie Messapica,18,175
074003,Ceglie Messapica,19,179
074003,Ceglie Messapica,20,166
074003,Ceglie Messapica,21,184
074003,Ceglie Messapica,22,161
074003,Ceglie Messapica,23,170
074003,Ceglie Messapica,24,171
074003,Ceglie Messapica,25,178
074003,Ceglie Messapica,26,192
074003,Ceglie Messapica,27,179
074003,Ceglie Messapica,28,194
074003,Ceglie Messapica,29,185
074003,Ceglie Messapica,30,191
074003,Ceglie Messapica,31,167
074003,Ceglie Messapica,32,216
074003,Ceglie Messapica,33,188
074003,Ceglie Messapica,34,205
074003,Ceglie Messapica,35,224
074003,Ceglie Messapica,36,192
074003,Ceglie Messapica,37,230
074003,Ceglie Messapica,38,233
074003,Ceglie Messapica,39,230
074003,Ceglie Messapica,40,223
074003,Ceglie Messapica,41,228
074003,Ceglie Messapica,42,235
074003,Ceglie Messapica,43,263
074003,Ceglie Messapica,44,241
074003,Ceglie Messapica,45,282
074003,Ceglie Messapica,46,311
074003,Ceglie Messapica,47,297
074003,Ceglie Messapica,48,295
074003,Ceglie Messapica,49,285
074003,Ceglie Messapica,50,282
074003,Ceglie Messapica,51,267
074003,Ceglie Messapica,52,263
074003,Ceglie Messapica,53,317
074003,Ceglie Messapica,54,327
074003,Ceglie Messapica,55,291
074003,Ceglie Messapica,56,314
074003,Ceglie Messapica,57,340
074003,Ceglie Messapica,58,299
074003,Ceglie Messapica,59,296
074003,Ceglie Messapica,60,305
074003,Ceglie Messapica,61,261
074003,Ceglie Messapica,62,310
074003,Ceglie Messapica,63,264
074003,Ceglie Messapica,64,268
074003,Ceglie Messapica,65,264
074004,Cellino San Marco,18,59
074004,Cellino San Marco,19,47
074004,Cellino San Marco,20,60
074004,Cellino San Marco,21,63
074004,Cellino San Marco,22,59
074004,Cellino San Marco,23,51
074004,Cellino San Marco,24,54
074004,Cellino San Marco,25,48
074004,Cellino San Marco,26,42
074004,Cellino San Marco,27,62
074004,Cellino San Marco,28,60
074004,Cellino San Marco,29,58
074004,Cellino San Marco,30,61
074004,Cellino San Marco,31,59
074004,Cellino San Marco,32,52
074004,Cellino San Marco,33,73
074004,Cellino San Marco,34,67
074004,Cellino San Marco,35,68
074004,Cellino San Marco,36,54
074004,Cellino San Marco,37,72
074004,Cellino San Marco,38,65
074004,Cellino San Marco,39,67
074004,Cellino San Marco,40,86
074004,Cellino San Marco,41,62
074004,Cellino San Marco,42,65
074004,Cellino San Marco,43,95
074004,Cellino San Marco,44,78
074004,Cellino San Marco,45,105
074004,Cellino San Marco,46,87
074004,Cellino San Marco,47,94
074004,Cellino San Marco,48,99
074004,Cellino San Marco,49,87
074004,Cellino San Marco,50,94
074004,Cellino San Marco,51,91
074004,Cellino San Marco,52,98
074004,Cellino San Marco,53,79
074004,Cellino San Marco,54,109
074004,Cellino San Marco,55,86
074004,Cellino San Marco,56,98
074004,Cellino San Marco,57,100
074004,Cellino San Marco,58,96
074004,Cellino San Marco,59,87
074004,Cellino San Marco,60,84
074004,Cellino San Marco,61,81
074004,Cellino San Marco,62,91
074004,Cellino San Marco,63,92
074004,Cellino San Marco,64,93
074004,Cellino San Marco,65,92
074005,Cisternino,18,107
074005,Cisternino,19,100
074005,Cisternino,20,107
074005,Cisternino,21,88
074005,Cisternino,22,106
074005,Cisternino,23,123
074005,Cisternino,24,104
074005,Cisternino,25,111
074005,Cisternino,26,105
074005,Cisternino,27,109
074005,Cisternino,28,99
074005,Cisternino,29,101
074005,Cisternino,30,114
074005,Cisternino,31,109
074005,Cisternino,32,99
074005,Cisternino,33,119
074005,Cisternino,34,102
074005,Cisternino,35,129
074005,Cisternino,36,101
074005,Cisternino,37,126
074005,Cisternino,38,125
074005,Cisternino,39,119
074005,Cisternino,40,125
074005,Cisternino,41,128
074005,Cisternino,42,145
074005,Cisternino,43,122
074005,Cisternino,44,151
074005,Cisternino,45,120
074005,Cisternino,46,137
074005,Cisternino,47,156
074005,Cisternino,48,185
074005,Cisternino,49,149
074005,Cisternino,50,189
074005,Cisternino,51,185
074005,Cisternino,52,167
074005,Cisternino,53,184
074005,Cisternino,54,186
074005,Cisternino,55,176
074005,Cisternino,56,204
074005,Cisternino,57,212
074005,Cisternino,58,193
074005,Cisternino,59,197
074005,Cisternino,60,186
074005,Cisternino,61,172
074005,Cisternino,62,180
074005,Cisternino,63,145
074005,Cisternino,64,160
074005,Cisternino,65,145
075021,Collepasso,18,52
075021,Collepasso,19,55
075021,Collepasso,20,56
075021,Collepasso,21,51
075021,Collepasso,22,68
075021,Collepasso,23,73
075021,Collepasso,24,49
075021,Collepasso,25,63
075021,Collepasso,26,63
075021,Collepasso,27,69
075021,Collepasso,28,57
075021,Collepasso,29,55
075021,Collepasso,30,77
075021,Collepasso,31,64
075021,Collepasso,32,56
075021,Collepasso,33,47
075021,Collepasso,34,68
075021,Collepasso,35,53
075021,Collepasso,36,58
075021,Collepasso,37,55
075021,Collepasso,38,69
075021,Collepasso,39,44
075021,Collepasso,40,61
075021,Collepasso,41,59
075021,Collepasso,42,59
075021,Collepasso,43,57
075021,Collepasso,44,64
075021,Collepasso,45,70
075021,Collepasso,46,62
075021,Collepasso,47,84
075021,Collepasso,48,91
075021,Collepasso,49,61
075021,Collepasso,50,90
075021,Collepasso,51,84
075021,Collepasso,52,73
075021,Collepasso,53,81
075021,Collepasso,54,75
075021,Collepasso,55,85
075021,Collepasso,56,107
075021,Collepasso,57,97
075021,Collepasso,58,65
075021,Collepasso,59,79
075021,Collepasso,60,77
075021,Collepasso,61,90
075021,Collepasso,62,74
075021,Collepasso,63,89
075021,Collepasso,64,72
075021,Collepasso,65,94
075022,Copertino,18,286
075022,Copertino,19,250
075022,Copertino,20,274
075022,Copertino,21,254
075022,Copertino,22,283
075022,Copertino,23,234
075022,Copertino,24,252
075022,Copertino,25,234
075022,Copertino,26,233
075022,Copertino,27,202
075022,Copertino,28,222
075022,Copertino,29,253
075022,Copertino,30,281
075022,Copertino,31,248
075022,Copertino,32,253
075022,Copertino,33,234
075022,Copertino,34,287
075022,Copertino,35,236
075022,Copertino,36,263
075022,Copertino,37,241
075022,Copertino,38,282
075022,Copertino,39,275
075022,Copertino,40,267
075022,Copertino,41,280
075022,Copertino,42,336
075022,Copertino,43,333
075022,Copertino,44,360
075022,Copertino,45,327
075022,Copertino,46,359
075022,Copertino,47,339
075022,Copertino,48,372
075022,Copertino,49,354
075022,Copertino,50,311
075022,Copertino,51,325
075022,Copertino,52,321
075022,Copertino,53,316
075022,Copertino,54,352
075022,Copertino,55,376
075022,Copertino,56,310
075022,Copertino,57,310
075022,Copertino,58,335
075022,Copertino,59,326
075022,Copertino,60,322
075022,Copertino,61,314
075022,Copertino,62,309
075022,Copertino,63,319
075022,Copertino,64,312
075022,Copertino,65,270
075023,Corigliano d'Otranto,18,50
075023,Corigliano d'Otranto,19,56
075023,Corigliano d'Otranto,20,44
075023,Corigliano d'Otranto,21,55
075023,Corigliano d'Otranto,22,59
075023,Corigliano d'Otranto,23,51
075023,Corigliano d'Otranto,24,48
075023,Corigliano d'Otranto,25,63
075023,Corigliano d'Otranto,26,56
075023,Corigliano d'Otranto,27,53
075023,Corigliano d'Otranto,28,67
075023,Corigliano d'Otranto,29,65
075023,Corigliano d'Otranto,30,63
075023,Corigliano d'Otranto,31,58
075023,Corigliano d'Otranto,32,70
075023,Corigliano d'Otranto,33,50
075023,Corigliano d'Otranto,34,67
075023,Corigliano d'Otranto,35,64
075023,Corigliano d'Otranto,36,63
075023,Corigliano d'Otranto,37,52
075023,Corigliano d'Otranto,38,71
075023,Corigliano d'Otranto,39,66
075023,Corigliano d'Otranto,40,75
075023,Corigliano d'Otranto,41,63
075023,Corigliano d'Otranto,42,70
075023,Corigliano d'Otranto,43,82
075023,Corigliano d'Otranto,44,68
075023,Corigliano d'Otranto,45,95
075023,Corigliano d'Otranto,46,97
075023,Corigliano d'Otranto,47,84
075023,Corigliano d'Otranto,48,71
075023,Corigliano d'Otranto,49,86
075023,Corigliano d'Otranto,50,74
075023,Corigliano d'Otranto,51,71
075023,Corigliano d'Otranto,52,98
075023,Corigliano d'Otranto,53,68
075023,Corigliano d'Otranto,54,93
075023,Corigliano d'Otranto,55,69
075023,Corigliano d'Otranto,56,97
075023,Corigliano d'Otranto,57,97
075023,Corigliano d'Otranto,58,99
075023,Corigliano d'Otranto,59,103
075023,Corigliano d'Otranto,60,102
075023,Corigliano d'Otranto,61,79
075023,Corigliano d'Otranto,62,85
075023,Corigliano d'Otranto,63,74
075023,Corigliano d'Otranto,64,72
075023,Corigliano d'Otranto,65,92
075024,Corsano,18,43
075024,Corsano,19,59
075024,Corsano,20,57
075024,Corsano,21,63
075024,Corsano,22,59
075024,Corsano,23,56
075024,Corsano,24,51
075024,Corsano,25,62
075024,Corsano,26,62
075024,Corsano,27,45
075024,Corsano,28,69
075024,Corsano,29,53
075024,Corsano,30,80
075024,Corsano,31,65
075024,Corsano,32,79
075024,Corsano,33,56
075024,Corsano,34,52
075024,Corsano,35,73
075024,Corsano,36,67
075024,Corsano,37,50
075024,Corsano,38,70
075024,Corsano,39,73
075024,Corsano,40,53
075024,Corsano,41,51
075024,Corsano,42,67
075024,Corsano,43,51
075024,Corsano,44,57
075024,Corsano,45,67
075024,Corsano,46,68
075024,Corsano,47,59
075024,Corsano,48,66
075024,Corsano,49,70
075024,Corsano,50,64
075024,Corsano,51,78
075024,Corsano,52,65
075024,Corsano,53,65
075024,Corsano,54,75
075024,Corsano,55,94
075024,Corsano,56,76
075024,Corsano,57,98
075024,Corsano,58,94
075024,Corsano,59,84
075024,Corsano,60,71
075024,Corsano,61,81
075024,Corsano,62,82
075024,Corsano,63,82
075024,Corsano,64,90
075024,Corsano,65,75
073004,Crispiano,18,148
073004,Crispiano,19,139
073004,Crispiano,20,105
073004,Crispiano,21,137
073004,Crispiano,22,142
073004,Crispiano,23,112
073004,Crispiano,24,127
073004,Crispiano,25,141
073004,Crispiano,26,123
073004,Crispiano,27,139
073004,Crispiano,28,114
073004,Crispiano,29,100
073004,Crispiano,30,119
073004,Crispiano,31,113
073004,Crispiano,32,130
073004,Crispiano,33,118
073004,Crispiano,34,114
073004,Crispiano,35,144
073004,Crispiano,36,137
073004,Crispiano,37,159
073004,Crispiano,38,165
073004,Crispiano,39,183
073004,Crispiano,40,175
073004,Crispiano,41,182
073004,Crispiano,42,159
073004,Crispiano,43,216
073004,Crispiano,44,185
073004,Crispiano,45,214
073004,Crispiano,46,229
073004,Crispiano,47,220
073004,Crispiano,48,209
073004,Crispiano,49,203
073004,Crispiano,50,195
073004,Crispiano,51,222
073004,Crispiano,52,206
073004,Crispiano,53,225
073004,Crispiano,54,202
073004,Crispiano,55,213
073004,Crispiano,56,213
073004,Crispiano,57,200
073004,Crispiano,58,207
073004,Crispiano,59,164
073004,Crispiano,60,178
073004,Crispiano,61,174
073004,Crispiano,62,166
073004,Crispiano,63,143
073004,Crispiano,64,165
073004,Crispiano,65,171
075025,Cursi,18,41
075025,Cursi,19,47
075025,Cursi,20,44
075025,Cursi,21,50
075025,Cursi,22,42
075025,Cursi,23,30
075025,Cursi,24,50
075025,Cursi,25,43
075025,Cursi,26,44
075025,Cursi,27,23
075025,Cursi,28,38
075025,Cursi,29,48
075025,Cursi,30,40
075025,Cursi,31,35
075025,Cursi,32,38
075025,Cursi,33,35
075025,Cursi,34,34
075025,Cursi,35,49
075025,Cursi,36,40
075025,Cursi,37,39
075025,Cursi,38,50
075025,Cursi,39,42
075025,Cursi,40,52
075025,Cursi,41,48
075025,Cursi,42,57
075025,Cursi,43,54
075025,Cursi,44,44
075025,Cursi,45,39
075025,Cursi,46,50
075025,Cursi,47,58
075025,Cursi,48,63
075025,Cursi,49,53
075025,Cursi,50,69
075025,Cursi,51,46
075025,Cursi,52,64
075025,Cursi,53,68
075025,Cursi,54,62
075025,Cursi,55,62
075025,Cursi,56,63
075025,Cursi,57,59
075025,Cursi,58,58
075025,Cursi,59,63
075025,Cursi,60,65
075025,Cursi,61,54
075025,Cursi,62,51
075025,Cursi,63,64
075025,Cursi,64,53
075025,Cursi,65,53
075026,Cutrofiano,18,78
075026,Cutrofiano,19,77
075026,Cutrofiano,20,79
075026,Cutrofiano,21,80
075026,Cutrofiano,22,74
075026,Cutrofiano,23,84
075026,Cutrofiano,24,82
075026,Cutrofiano,25,79
075026,Cutrofiano,26,67
075026,Cutrofiano,27,92
075026,Cutrofiano,28,78
075026,Cutrofiano,29,81
075026,Cutrofiano,30,91
075026,Cutrofiano,31,101
075026,Cutrofiano,32,83
075026,Cutrofiano,33,102
075026,Cutrofiano,34,105
075026,Cutrofiano,35,108
075026,Cutrofiano,36,112
075026,Cutrofiano,37,100
075026,Cutrofiano,38,102
075026,Cutrofiano,39,95
075026,Cutrofiano,40,100
075026,Cutrofiano,41,106
075026,Cutrofiano,42,120
075026,Cutrofiano,43,123
075026,Cutrofiano,44,113
075026,Cutrofiano,45,142
075026,Cutrofiano,46,113
075026,Cutrofiano,47,151
075026,Cutrofiano,48,149
075026,Cutrofiano,49,143
075026,Cutrofiano,50,121
075026,Cutrofiano,51,133
075026,Cutrofiano,52,129
075026,Cutrofiano,53,122
075026,Cutrofiano,54,140
075026,Cutrofiano,55,114
075026,Cutrofiano,56,137
075026,Cutrofiano,57,139
075026,Cutrofiano,58,157
075026,Cutrofiano,59,120
075026,Cutrofiano,60,124
075026,Cutrofiano,61,139
075026,Cutrofiano,62,122
075026,Cutrofiano,63,114
075026,Cutrofiano,64,104
075026,Cutrofiano,65,123
075027,Diso,18,25
075027,Diso,19,29
075027,Diso,20,27
075027,Diso,21,22
075027,Diso,22,20
075027,Diso,23,23
075027,Diso,24,20
075027,Diso,25,25
075027,Diso,26,24
075027,Diso,27,27
075027,Diso,28,21
075027,Diso,29,32
075027,Diso,30,30
075027,Diso,31,42
075027,Diso,32,34
075027,Diso,33,22
075027,Diso,34,24
075027,Diso,35,27
075027,Diso,36,28
075027,Diso,37,35
075027,Diso,38,25
075027,Diso,39,35
075027,Diso,40,19
075027,Diso,41,40
075027,Diso,42,34
075027,Diso,43,32
075027,Diso,44,35
075027,Diso,45,32
075027,Diso,46,30
075027,Diso,47,40
075027,Diso,48,26
075027,Diso,49,25
075027,Diso,50,34
075027,Diso,51,41
075027,Diso,52,38
075027,Diso,53,49
075027,Diso,54,37
075027,Diso,55,60
075027,Diso,56,52
075027,Diso,57,48
075027,Diso,58,39
075027,Diso,59,54
075027,Diso,60,62
075027,Diso,61,49
075027,Diso,62,49
075027,Diso,63,53
075027,Diso,64,39
075027,Diso,65,49
074006,Erchie,18,102
074006,Erchie,19,94
074006,Erchie,20,75
074006,Erchie,21,85
074006,Erchie,22,106
074006,Erchie,23,95
074006,Erchie,24,86
074006,Erchie,25,115
074006,Erchie,26,96
074006,Erchie,27,97
074006,Erchie,28,99
074006,Erchie,29,97
074006,Erchie,30,99
074006,Erchie,31,94
074006,Erchie,32,109
074006,Erchie,33,108
074006,Erchie,34,131
074006,Erchie,35,97
074006,Erchie,36,102
074006,Erchie,37,102
074006,Erchie,38,95
074006,Erchie,39,115
074006,Erchie,40,105
074006,Erchie,41,113
074006,Erchie,42,98
074006,Erchie,43,105
074006,Erchie,44,92
074006,Erchie,45,119
074006,Erchie,46,115
074006,Erchie,47,132
074006,Erchie,48,141
074006,Erchie,49,117
074006,Erchie,50,117
074006,Erchie,51,110
074006,Erchie,52,117
074006,Erchie,53,123
074006,Erchie,54,108
074006,Erchie,55,127
074006,Erchie,56,112
074006,Erchie,57,140
074006,Erchie,58,153
074006,Erchie,59,147
074006,Erchie,60,135
074006,Erchie,61,114
074006,Erchie,62,123
074006,Erchie,63,118
074006,Erchie,64,107
074006,Erchie,65,109
073005,Faggiano,18,37
073005,Faggiano,19,35
073005,Faggiano,20,24
073005,Faggiano,21,45
073005,Faggiano,22,39
073005,Faggiano,23,28
073005,Faggiano,24,33
073005,Faggiano,25,28
073005,Faggiano,26,28
073005,Faggiano,27,38
073005,Faggiano,28,26
073005,Faggiano,29,36
073005,Faggiano,30,33
073005,Faggiano,31,30
073005,Faggiano,32,35
073005,Faggiano,33,42
073005,Faggiano,34,42
073005,Faggiano,35,40
073005,Faggiano,36,45
073005,Faggiano,37,48
073005,Faggiano,38,36
073005,Faggiano,39,49
073005,Faggiano,40,41
073005,Faggiano,41,58
073005,Faggiano,42,57
073005,Faggiano,43,66
073005,Faggiano,44,45
073005,Faggiano,45,74
073005,Faggiano,46,49
073005,Faggiano,47,55
073005,Faggiano,48,51
073005,Faggiano,49,59
073005,Faggiano,50,53
073005,Faggiano,51,40
073005,Faggiano,52,50
073005,Faggiano,53,49
073005,Faggiano,54,60
073005,Faggiano,55,45
073005,Faggiano,56,58
073005,Faggiano,57,55
073005,Faggiano,58,48
073005,Faggiano,59,44
073005,Faggiano,60,44
073005,Faggiano,61,52
073005,Faggiano,62,43
073005,Faggiano,63,58
073005,Faggiano,64,49
073005,Faggiano,65,43
074007,Fasano,18,353
074007,Fasano,19,353
074007,Fasano,20,357
074007,Fasano,21,439
074007,Fasano,22,400
074007,Fasano,23,481
074007,Fasano,24,437
074007,Fasano,25,422
074007,Fasano,26,422
074007,Fasano,27,447
074007,Fasano,28,439
074007,Fasano,29,436
074007,Fasano,30,474
074007,Fasano,31,464
074007,Fasano,32,429
074007,Fasano,33,462
074007,Fasano,34,461
074007,Fasano,35,488
074007,Fasano,36,470
074007,Fasano,37,451
074007,Fasano,38,448
074007,Fasano,39,459
074007,Fasano,40,481
074007,Fasano,41,476
074007,Fasano,42,499
074007,Fasano,43,594
074007,Fasano,44,561
074007,Fasano,45,612
074007,Fasano,46,626
074007,Fasano,47,624
074007,Fasano,48,614
074007,Fasano,49,578
074007,Fasano,50,568
074007,Fasano,51,625
074007,Fasano,52,583
074007,Fasano,53,610
074007,Fasano,54,630
074007,Fasano,55,617
074007,Fasano,56,662
074007,Fasano,57,676
074007,Fasano,58,652
074007,Fasano,59,620
074007,Fasano,60,589
074007,Fasano,61,562
074007,Fasano,62,578
074007,Fasano,63,497
074007,Fasano,64,524
074007,Fasano,65,481
073006,Fragagnano,18,51
073006,Fragagnano,19,48
073006,Fragagnano,20,56
073006,Fragagnano,21,52
073006,Fragagnano,22,48
073006,Fragagnano,23,56
073006,Fragagnano,24,44
073006,Fragagnano,25,58
073006,Fragagnano,26,46
073006,Fragagnano,27,40
073006,Fragagnano,28,41
073006,Fragagnano,29,34
073006,Fragagnano,30,46
073006,Fragagnano,31,47
073006,Fragagnano,32,48
073006,Fragagnano,33,59
073006,Fragagnano,34,47
073006,Fragagnano,35,43
073006,Fragagnano,36,50
073006,Fragagnano,37,52
073006,Fragagnano,38,49
073006,Fragagnano,39,66
073006,Fragagnano,40,61
073006,Fragagnano,41,64
073006,Fragagnano,42,51
073006,Fragagnano,43,60
073006,Fragagnano,44,74
073006,Fragagnano,45,67
073006,Fragagnano,46,89
073006,Fragagnano,47,82
073006,Fragagnano,48,84
073006,Fragagnano,49,75
073006,Fragagnano,50,84
073006,Fragagnano,51,65
073006,Fragagnano,52,83
073006,Fragagnano,53,70
073006,Fragagnano,54,77
073006,Fragagnano,55,79
073006,Fragagnano,56,62
073006,Fragagnano,57,72
073006,Fragagnano,58,83
073006,Fragagnano,59,74
073006,Fragagnano,60,57
073006,Fragagnano,61,90
073006,Fragagnano,62,74
073006,Fragagnano,63,84
073006,Fragagnano,64,61
073006,Fragagnano,65,75
074008,Francavilla Fontana,18,424
074008,Francavilla Fontana,19,386
074008,Francavilla Fontana,20,392
074008,Francavilla Fontana,21,360
074008,Francavilla Fontana,22,397
074008,Francavilla Fontana,23,404
074008,Francavilla Fontana,24,404
074008,Francavilla Fontana,25,361
074008,Francavilla Fontana,26,360
074008,Francavilla Fontana,27,374
074008,Francavilla Fontana,28,354
074008,Francavilla Fontana,29,418
074008,Francavilla Fontana,30,437
074008,Francavilla Fontana,31,417
074008,Francavilla Fontana,32,392
074008,Francavilla Fontana,33,406
074008,Francavilla Fontana,34,438
074008,Francavilla Fontana,35,457
074008,Francavilla Fontana,36,429
074008,Francavilla Fontana,37,460
074008,Francavilla Fontana,38,425
074008,Francavilla Fontana,39,405
074008,Francavilla Fontana,40,443
074008,Francavilla Fontana,41,373
074008,Francavilla Fontana,42,433
074008,Francavilla Fontana,43,475
074008,Francavilla Fontana,44,532
074008,Francavilla Fontana,45,532
074008,Francavilla Fontana,46,536
074008,Francavilla Fontana,47,509
074008,Francavilla Fontana,48,553
074008,Francavilla Fontana,49,533
074008,Francavilla Fontana,50,521
074008,Francavilla Fontana,51,508
074008,Francavilla Fontana,52,562
074008,Francavilla Fontana,53,541
074008,Francavilla Fontana,54,524
074008,Francavilla Fontana,55,516
074008,Francavilla Fontana,56,515
074008,Francavilla Fontana,57,522
074008,Francavilla Fontana,58,581
074008,Francavilla Fontana,59,498
074008,Francavilla Fontana,60,493
074008,Francavilla Fontana,61,517
074008,Francavilla Fontana,62,469
074008,Francavilla Fontana,63,461
074008,Francavilla Fontana,64,456
074008,Francavilla Fontana,65,426
075028,Gagliano del Capo,18,47
075028,Gagliano del Capo,19,51
075028,Gagliano del Capo,20,51
075028,Gagliano del Capo,21,74
075028,Gagliano del Capo,22,48
075028,Gagliano del Capo,23,51
075028,Gagliano del Capo,24,74
075028,Gagliano del Capo,25,52
075028,Gagliano del Capo,26,58
075028,Gagliano del Capo,27,61
075028,Gagliano del Capo,28,56
075028,Gagliano del Capo,29,58
075028,Gagliano del Capo,30,49
075028,Gagliano del Capo,31,47
075028,Gagliano del Capo,32,58
075028,Gagliano del Capo,33,40
075028,Gagliano del Capo,34,44
075028,Gagliano del Capo,35,40
075028,Gagliano del Capo,36,52
075028,Gagliano del Capo,37,39
075028,Gagliano del Capo,38,53
075028,Gagliano del Capo,39,57
075028,Gagliano del Capo,40,45
075028,Gagliano del Capo,41,58
075028,Gagliano del Capo,42,38
075028,Gagliano del Capo,43,62
075028,Gagliano del Capo,44,59
075028,Gagliano del Capo,45,58
075028,Gagliano del Capo,46,69
075028,Gagliano del Capo,47,65
075028,Gagliano del Capo,48,69
075028,Gagliano del Capo,49,50
075028,Gagliano del Capo,50,54
075028,Gagliano del Capo,51,91
075028,Gagliano del Capo,52,54
075028,Gagliano del Capo,53,72
075028,Gagliano del Capo,54,77
075028,Gagliano del Capo,55,86
075028,Gagliano del Capo,56,94
075028,Gagliano del Capo,57,99
075028,Gagliano del Capo,58,83
075028,Gagliano del Capo,59,89
075028,Gagliano del Capo,60,68
075028,Gagliano del Capo,61,88
075028,Gagliano del Capo,62,85
075028,Gagliano del Capo,63,60
075028,Gagliano del Capo,64,82
075028,Gagliano del Capo,65,76
075029,Galatina,18,243
075029,Galatina,19,264
075029,Galatina,20,222
075029,Galatina,21,263
075029,Galatina,22,289
075029,Galatina,23,270
075029,Galatina,24,274
075029,Galatina,25,257
075029,Galatina,26,262
075029,Galatina,27,251
075029,Galatina,28,267
075029,Galatina,29,240
075029,Galatina,30,271
075029,Galatina,31,247
075029,Galatina,32,261
075029,Galatina,33,257
075029,Galatina,34,247
075029,Galatina,35,267
075029,Galatina,36,249
075029,Galatina,37,278
075029,Galatina,38,272
075029,Galatina,39,282
075029,Galatina,40,292
075029,Galatina,41,331
075029,Galatina,42,311
075029,Galatina,43,348
075029,Galatina,44,348
075029,Galatina,45,367
075029,Galatina,46,401
075029,Galatina,47,393
075029,Galatina,48,412
075029,Galatina,49,378
075029,Galatina,50,387
075029,Galatina,51,407
075029,Galatina,52,395
075029,Galatina,53,387
075029,Galatina,54,396
075029,Galatina,55,418
075029,Galatina,56,406
075029,Galatina,57,468
075029,Galatina,58,441
075029,Galatina,59,386
075029,Galatina,60,401
075029,Galatina,61,340
075029,Galatina,62,400
075029,Galatina,63,362
075029,Galatina,64,357
075029,Galatina,65,335
075030,Galatone,18,170
075030,Galatone,19,166
075030,Galatone,20,170
075030,Galatone,21,157
075030,Galatone,22,152
075030,Galatone,23,161
075030,Galatone,24,163
075030,Galatone,25,154
075030,Galatone,26,153
075030,Galatone,27,181
075030,Galatone,28,128
075030,Galatone,29,156
075030,Galatone,30,149
075030,Galatone,31,166
075030,Galatone,32,152
075030,Galatone,33,155
075030,Galatone,34,174
075030,Galatone,35,166
075030,Galatone,36,156
075030,Galatone,37,196
075030,Galatone,38,190
075030,Galatone,39,185
075030,Galatone,40,179
075030,Galatone,41,213
075030,Galatone,42,190
075030,Galatone,43,206
075030,Galatone,44,220
075030,Galatone,45,225
075030,Galatone,46,227
075030,Galatone,47,248
075030,Galatone,48,246
075030,Galatone,49,218
075030,Galatone,50,241
075030,Galatone,51,232
075030,Galatone,52,209
075030,Galatone,53,189
075030,Galatone,54,205
075030,Galatone,55,228
075030,Galatone,56,217
075030,Galatone,57,222
075030,Galatone,58,200
075030,Galatone,59,226
075030,Galatone,60,196
075030,Galatone,61,212
075030,Galatone,62,197
075030,Galatone,63,226
075030,Galatone,64,196
075030,Galatone,65,211
075031,Gallipoli,18,172
075031,Gallipoli,19,157
075031,Gallipoli,20,175
075031,Gallipoli,21,197
075031,Gallipoli,22,206
075031,Gallipoli,23,202
075031,Gallipoli,24,220
075031,Gallipoli,25,202
075031,Gallipoli,26,198
075031,Gallipoli,27,170
075031,Gallipoli,28,203
075031,Gallipoli,29,220
075031,Gallipoli,30,237
075031,Gallipoli,31,222
075031,Gallipoli,32,225
075031,Gallipoli,33,219
075031,Gallipoli,34,193
075031,Gallipoli,35,205
075031,Gallipoli,36,201
075031,Gallipoli,37,201
075031,Gallipoli,38,226
075031,Gallipoli,39,217
075031,Gallipoli,40,199
075031,Gallipoli,41,237
075031,Gallipoli,42,223
075031,Gallipoli,43,232
075031,Gallipoli,44,267
075031,Gallipoli,45,285
075031,Gallipoli,46,294
075031,Gallipoli,47,309
075031,Gallipoli,48,295
075031,Gallipoli,49,303
075031,Gallipoli,50,297
075031,Gallipoli,51,328
075031,Gallipoli,52,317
075031,Gallipoli,53,307
075031,Gallipoli,54,322
075031,Gallipoli,55,336
075031,Gallipoli,56,306
075031,Gallipoli,57,333
075031,Gallipoli,58,331
075031,Gallipoli,59,288
075031,Gallipoli,60,305
075031,Gallipoli,61,289
075031,Gallipoli,62,287
075031,Gallipoli,63,273
075031,Gallipoli,64,252
075031,Gallipoli,65,250
073007,Ginosa,18,249
073007,Ginosa,19,249
073007,Ginosa,20,207
073007,Ginosa,21,234
073007,Ginosa,22,245
073007,Ginosa,23,247
073007,Ginosa,24,217
073007,Ginosa,25,251
073007,Ginosa,26,241
073007,Ginosa,27,267
073007,Ginosa,28,266
073007,Ginosa,29,269
073007,Ginosa,30,274
073007,Ginosa,31,239
073007,Ginosa,32,279
073007,Ginosa,33,246
073007,Ginosa,34,259
073007,Ginosa,35,282
073007,Ginosa,36,283
073007,Ginosa,37,233
073007,Ginosa,38,272
073007,Ginosa,39,236
073007,Ginosa,40,249
073007,Ginosa,41,293
073007,Ginosa,42,274
073007,Ginosa,43,309
073007,Ginosa,44,327
073007,Ginosa,45,312
073007,Ginosa,46,347
073007,Ginosa,47,364
073007,Ginosa,48,343
073007,Ginosa,49,355
073007,Ginosa,50,318
073007,Ginosa,51,346
073007,Ginosa,52,316
073007,Ginosa,53,365
073007,Ginosa,54,316
073007,Ginosa,55,300
073007,Ginosa,56,305
073007,Ginosa,57,360
073007,Ginosa,58,335
073007,Ginosa,59,311
073007,Ginosa,60,331
073007,Ginosa,61,363
073007,Ginosa,62,291
073007,Ginosa,63,298
073007,Ginosa,64,283
073007,Ginosa,65,258
075032,Giuggianello,18,13
075032,Giuggianello,19,10
075032,Giuggianello,20,11
075032,Giuggianello,21,15
075032,Giuggianello,22,10
075032,Giuggianello,23,8
075032,Giuggianello,24,4
075032,Giuggianello,25,9
075032,Giuggianello,26,12
075032,Giuggianello,27,12
075032,Giuggianello,28,11
075032,Giuggianello,29,4
075032,Giuggianello,30,8
075032,Giuggianello,31,18
075032,Giuggianello,32,14
075032,Giuggianello,33,12
075032,Giuggianello,34,15
075032,Giuggianello,35,7
075032,Giuggianello,36,10
075032,Giuggianello,37,11
075032,Giuggianello,38,11
075032,Giuggianello,39,16
075032,Giuggianello,40,15
075032,Giuggianello,41,10
075032,Giuggianello,42,14
075032,Giuggianello,43,9
075032,Giuggianello,44,12
075032,Giuggianello,45,19
075032,Giuggianello,46,21
075032,Giuggianello,47,11
075032,Giuggianello,48,20
075032,Giuggianello,49,15
075032,Giuggianello,50,16
075032,Giuggianello,51,13
075032,Giuggianello,52,14
075032,Giuggianello,53,15
075032,Giuggianello,54,14
075032,Giuggianello,55,20
075032,Giuggianello,56,22
075032,Giuggianello,57,18
075032,Giuggianello,58,26
075032,Giuggianello,59,23
075032,Giuggianello,60,16
075032,Giuggianello,61,15
075032,Giuggianello,62,19
075032,Giuggianello,63,21
075032,Giuggianello,64,12
075032,Giuggianello,65,13
075033,Giurdignano,18,15
075033,Giurdignano,19,27
075033,Giurdignano,20,20
075033,Giurdignano,21,19
075033,Giurdignano,22,17
075033,Giurdignano,23,21
075033,Giurdignano,24,20
075033,Giurdignano,25,21
075033,Giurdignano,26,17
075033,Giurdignano,27,10
075033,Giurdignano,28,15
075033,Giurdignano,29,18
075033,Giurdignano,30,8
075033,Giurdignano,31,28
075033,Giurdignano,32,23
075033,Giurdignano,33,20
075033,Giurdignano,34,18
075033,Giurdignano,35,30
075033,Giurdignano,36,22
075033,Giurdignano,37,25
075033,Giurdignano,38,24
075033,Giurdignano,39,17
075033,Giurdignano,40,18
075033,Giurdignano,41,24
075033,Giurdignano,42,33
075033,Giurdignano,43,24
075033,Giurdignano,44,31
075033,Giurdignano,45,26
075033,Giurdignano,46,33
075033,Giurdignano,47,33
075033,Giurdignano,48,26
075033,Giurdignano,49,30
075033,Giurdignano,50,27
075033,Giurdignano,51,27
075033,Giurdignano,52,23
075033,Giurdignano,53,32
075033,Giurdignano,54,30
075033,Giurdignano,55,31
075033,Giurdignano,56,45
075033,Giurdignano,57,33
075033,Giurdignano,58,26
075033,Giurdignano,59,32
075033,Giurdignano,60,14
075033,Giurdignano,61,25
075033,Giurdignano,62,26
075033,Giurdignano,63,24
075033,Giurdignano,64,32
075033,Giurdignano,65,25
073008,Grottaglie,18,316
073008,Grottaglie,19,334
073008,Grottaglie,20,343
073008,Grottaglie,21,335
073008,Grottaglie,22,382
073008,Grottaglie,23,354
073008,Grottaglie,24,345
073008,Grottaglie,25,305
073008,Grottaglie,26,311
073008,Grottaglie,27,318
073008,Grottaglie,28,276
073008,Grottaglie,29,323
073008,Grottaglie,30,346
073008,Grottaglie,31,349
073008,Grottaglie,32,346
073008,Grottaglie,33,325
073008,Grottaglie,34,370
073008,Grottaglie,35,337
073008,Grottaglie,36,388
073008,Grottaglie,37,369
073008,Grottaglie,38,386
073008,Grottaglie,39,390
073008,Grottaglie,40,365
073008,Grottaglie,41,406
073008,Grottaglie,42,416
073008,Grottaglie,43,425
073008,Grottaglie,44,431
073008,Grottaglie,45,486
073008,Grottaglie,46,452
073008,Grottaglie,47,506
073008,Grottaglie,48,507
073008,Grottaglie,49,479
073008,Grottaglie,50,486
073008,Grottaglie,51,457
073008,Grottaglie,52,430
073008,Grottaglie,53,465
073008,Grottaglie,54,457
073008,Grottaglie,55,426
073008,Grottaglie,56,482
073008,Grottaglie,57,471
073008,Grottaglie,58,523
073008,Grottaglie,59,460
073008,Grottaglie,60,431
073008,Grottaglie,61,410
073008,Grottaglie,62,441
073008,Grottaglie,63,423
073008,Grottaglie,64,410
073008,Grottaglie,65,399
075034,Guagnano,18,46
075034,Guagnano,19,44
075034,Guagnano,20,39
075034,Guagnano,21,47
075034,Guagnano,22,48
075034,Guagnano,23,36
075034,Guagnano,24,52
075034,Guagnano,25,59
075034,Guagnano,26,38
075034,Guagnano,27,41
075034,Guagnano,28,47
075034,Guagnano,29,52
075034,Guagnano,30,46
075034,Guagnano,31,49
075034,Guagnano,32,48
075034,Guagnano,33,47
075034,Guagnano,34,61
075034,Guagnano,35,47
075034,Guagnano,36,48
075034,Guagnano,37,52
075034,Guagnano,38,56
075034,Guagnano,39,63
075034,Guagnano,40,68
075034,Guagnano,41,62
075034,Guagnano,42,70
075034,Guagnano,43,78
075034,Guagnano,44,79
075034,Guagnano,45,70
075034,Guagnano,46,82
075034,Guagnano,47,99
075034,Guagnano,48,94
075034,Guagnano,49,69
075034,Guagnano,50,74
075034,Guagnano,51,92
075034,Guagnano,52,85
075034,Guagnano,53,76
075034,Guagnano,54,66
075034,Guagnano,55,69
075034,Guagnano,56,75
075034,Guagnano,57,87
075034,Guagnano,58,82
075034,Guagnano,59,84
075034,Guagnano,60,71
075034,Guagnano,61,72
075034,Guagnano,62,90
075034,Guagnano,63,69
075034,Guagnano,64,65
075034,Guagnano,65,70
073009,Laterza,18,162
073009,Laterza,19,169
073009,Laterza,20,151
073009,Laterza,21,140
073009,Laterza,22,163
073009,Laterza,23,166
073009,Laterza,24,146
073009,Laterza,25,164
073009,Laterza,26,162
073009,Laterza,27,190
073009,Laterza,28,156
073009,Laterza,29,164
073009,Laterza,30,193
073009,Laterza,31,174
073009,Laterza,32,188
073009,Laterza,33,167
073009,Laterza,34,169
073009,Laterza,35,154
073009,Laterza,36,158
073009,Laterza,37,177
073009,Laterza,38,167
073009,Laterza,39,185
073009,Laterza,40,158
073009,Laterza,41,213
073009,Laterza,42,216
073009,Laterza,43,208
073009,Laterza,44,215
073009,Laterza,45,225
073009,Laterza,46,203
073009,Laterza,47,246
073009,Laterza,48,232
073009,Laterza,49,193
073009,Laterza,50,211
073009,Laterza,51,218
073009,Laterza,52,225
073009,Laterza,53,212
073009,Laterza,54,208
073009,Laterza,55,209
073009,Laterza,56,236
073009,Laterza,57,234
073009,Laterza,58,209
073009,Laterza,59,197
073009,Laterza,60,183
073009,Laterza,61,204
073009,Laterza,62,201
073009,Laterza,63,176
073009,Laterza,64,180
073009,Laterza,65,180
074009,Latiano,18,142
074009,Latiano,19,125
074009,Latiano,20,132
074009,Latiano,21,141
074009,Latiano,22,152
074009,Latiano,23,155
074009,Latiano,24,141
074009,Latiano,25,138
074009,Latiano,26,131
074009,Latiano,27,163
074009,Latiano,28,165
074009,Latiano,29,171
074009,Latiano,30,143
074009,Latiano,31,153
074009,Latiano,32,149
074009,Latiano,33,157
074009,Latiano,34,124
074009,Latiano,35,155
074009,Latiano,36,133
074009,Latiano,37,151
074009,Latiano,38,169
074009,Latiano,39,144
074009,Latiano,40,159
074009,Latiano,41,157
074009,Latiano,42,170
074009,Latiano,43,182
074009,Latiano,44,178
074009,Latiano,45,177
074009,Latiano,46,157
074009,Latiano,47,212
074009,Latiano,48,204
074009,Latiano,49,230
074009,Latiano,50,203
074009,Latiano,51,202
074009,Latiano,52,225
074009,Latiano,53,237
074009,Latiano,54,253
074009,Latiano,55,241
074009,Latiano,56,234
074009,Latiano,57,219
074009,Latiano,58,229
074009,Latiano,59,219
074009,Latiano,60,190
074009,Latiano,61,242
074009,Latiano,62,222
074009,Latiano,63,209
074009,Latiano,64,185
074009,Latiano,65,174
075035,Lecce,18,877
075035,Lecce,19,868
075035,Lecce,20,858
075035,Lecce,21,889
075035,Lecce,22,870
075035,Lecce,23,852
075035,Lecce,24,838
075035,Lecce,25,876
075035,Lecce,26,803
075035,Lecce,27,883
075035,Lecce,28,902
075035,Lecce,29,955
075035,Lecce,30,986
075035,Lecce,31,987
075035,Lecce,32,965
075035,Lecce,33,1001
075035,Lecce,34,1048
075035,Lecce,35,1037
075035,Lecce,36,1031
075035,Lecce,37,1182
075035,Lecce,38,1207
075035,Lecce,39,1203
075035,Lecce,40,1264
075035,Lecce,41,1233
075035,Lecce,42,1356
075035,Lecce,43,1275
075035,Lecce,44,1409
075035,Lecce,45,1416
075035,Lecce,46,1534
075035,Lecce,47,1587
075035,Lecce,48,1589
075035,Lecce,49,1601
075035,Lecce,50,1451
075035,Lecce,51,1454
075035,Lecce,52,1557
075035,Lecce,53,1594
075035,Lecce,54,1512
075035,Lecce,55,1560
075035,Lecce,56,1610
075035,Lecce,57,1503
075035,Lecce,58,1557
075035,Lecce,59,1377
075035,Lecce,60,1446
075035,Lecce,61,1319
075035,Lecce,62,1251
075035,Lecce,63,1199
075035,Lecce,64,1150
075035,Lecce,65,1227
073010,Leporano,18,86
073010,Leporano,19,84
073010,Leporano,20,82
073010,Leporano,21,88
073010,Leporano,22,70
073010,Leporano,23,80
073010,Leporano,24,89
073010,Leporano,25,77
073010,Leporano,26,58
073010,Leporano,27,79
073010,Leporano,28,78
073010,Leporano,29,74
073010,Leporano,30,77
073010,Leporano,31,92
073010,Leporano,32,93
073010,Leporano,33,78
073010,Leporano,34,104
073010,Leporano,35,76
073010,Leporano,36,111
073010,Leporano,37,86
073010,Leporano,38,95
073010,Leporano,39,107
073010,Leporano,40,137
073010,Leporano,41,112
073010,Leporano,42,110
073010,Leporano,43,159
073010,Leporano,44,128
073010,Leporano,45,158
073010,Leporano,46,157
073010,Leporano,47,158
073010,Leporano,48,176
073010,Leporano,49,150
073010,Leporano,50,131
073010,Leporano,51,138
073010,Leporano,52,155
073010,Leporano,53,119
073010,Leporano,54,115
073010,Leporano,55,110
073010,Leporano,56,142
073010,Leporano,57,126
073010,Leporano,58,152
073010,Leporano,59,128
073010,Leporano,60,118
073010,Leporano,61,111
073010,Leporano,62,119
073010,Leporano,63,102
073010,Leporano,64,120
073010,Leporano,65,101
075036,Lequile,18,81
075036,Lequile,19,101
075036,Lequile,20,80
075036,Lequile,21,82
075036,Lequile,22,92
075036,Lequile,23,92
075036,Lequile,24,76
075036,Lequile,25,81
075036,Lequile,26,92
075036,Lequile,27,67
075036,Lequile,28,77
075036,Lequile,29,103
075036,Lequile,30,91
075036,Lequile,31,88
075036,Lequile,32,94
075036,Lequile,33,91
075036,Lequile,34,81
075036,Lequile,35,92
075036,Lequile,36,94
075036,Lequile,37,90
075036,Lequile,38,107
075036,Lequile,39,97
075036,Lequile,40,120
075036,Lequile,41,97
075036,Lequile,42,99
075036,Lequile,43,122
075036,Lequile,44,134
075036,Lequile,45,111
075036,Lequile,46,143
075036,Lequile,47,164
075036,Lequile,48,156
075036,Lequile,49,139
075036,Lequile,50,135
075036,Lequile,51,166
075036,Lequile,52,134
075036,Lequile,53,140
075036,Lequile,54,139
075036,Lequile,55,142
075036,Lequile,56,142
075036,Lequile,57,146
075036,Lequile,58,165
075036,Lequile,59,118
075036,Lequile,60,110
075036,Lequile,61,129
075036,Lequile,62,131
075036,Lequile,63,107
075036,Lequile,64,117
075036,Lequile,65,94
075037,Leverano,18,166
075037,Leverano,19,149
075037,Leverano,20,132
075037,Leverano,21,163
075037,Leverano,22,163
075037,Leverano,23,161
075037,Leverano,24,159
075037,Leverano,25,154
075037,Leverano,26,127
075037,Leverano,27,145
075037,Leverano,28,142
075037,Leverano,29,137
075037,Leverano,30,126
075037,Leverano,31,144
075037,Leverano,32,136
075037,Leverano,33,144
075037,Leverano,34,160
075037,Leverano,35,149
075037,Leverano,36,153
075037,Leverano,37,148
075037,Leverano,38,131
075037,Leverano,39,163
075037,Leverano,40,150
075037,Leverano,41,161
075037,Leverano,42,194
075037,Leverano,43,205
075037,Leverano,44,226
075037,Leverano,45,207
075037,Leverano,46,184
075037,Leverano,47,231
075037,Leverano,48,217
075037,Leverano,49,218
075037,Leverano,50,187
075037,Leverano,51,192
075037,Leverano,52,208
075037,Leverano,53,179
075037,Leverano,54,186
075037,Leverano,55,192
075037,Leverano,56,183
075037,Leverano,57,177
075037,Leverano,58,190
075037,Leverano,59,183
075037,Leverano,60,158
075037,Leverano,61,176
075037,Leverano,62,198
075037,Leverano,63,154
075037,Leverano,64,161
075037,Leverano,65,168
075038,Lizzanello,18,130
075038,Lizzanello,19,114
075038,Lizzanello,20,118
075038,Lizzanello,21,102
075038,Lizzanello,22,106
075038,Lizzanello,23,106
075038,Lizzanello,24,114
075038,Lizzanello,25,113
075038,Lizzanello,26,104
075038,Lizzanello,27,127
075038,Lizzanello,28,104
075038,Lizzanello,29,96
075038,Lizzanello,30,120
075038,Lizzanello,31,118
075038,Lizzanello,32,133
075038,Lizzanello,33,119
075038,Lizzanello,34,127
075038,Lizzanello,35,138
075038,Lizzanello,36,148
075038,Lizzanello,37,163
075038,Lizzanello,38,154
075038,Lizzanello,39,166
075038,Lizzanello,40,156
075038,Lizzanello,41,161
075038,Lizzanello,42,164
075038,Lizzanello,43,188
075038,Lizzanello,44,166
075038,Lizzanello,45,189
075038,Lizzanello,46,223
075038,Lizzanello,47,248
075038,Lizzanello,48,238
075038,Lizzanello,49,225
075038,Lizzanello,50,204
075038,Lizzanello,51,212
075038,Lizzanello,52,203
075038,Lizzanello,53,227
075038,Lizzanello,54,187
075038,Lizzanello,55,188
075038,Lizzanello,56,186
075038,Lizzanello,57,180
075038,Lizzanello,58,186
075038,Lizzanello,59,171
075038,Lizzanello,60,162
075038,Lizzanello,61,186
075038,Lizzanello,62,150
075038,Lizzanello,63,142
075038,Lizzanello,64,147
075038,Lizzanello,65,149
073011,Lizzano,18,108
073011,Lizzano,19,107
073011,Lizzano,20,106
073011,Lizzano,21,104
073011,Lizzano,22,110
073011,Lizzano,23,102
073011,Lizzano,24,104
073011,Lizzano,25,109
073011,Lizzano,26,109
073011,Lizzano,27,90
073011,Lizzano,28,106
073011,Lizzano,29,90
073011,Lizzano,30,119
073011,Lizzano,31,122
073011,Lizzano,32,107
073011,Lizzano,33,116
073011,Lizzano,34,113
073011,Lizzano,35,120
073011,Lizzano,36,134
073011,Lizzano,37,125
073011,Lizzano,38,126
073011,Lizzano,39,106
073011,Lizzano,40,104
073011,Lizzano,41,118
073011,Lizzano,42,134
073011,Lizzano,43,137
073011,Lizzano,44,139
073011,Lizzano,45,141
073011,Lizzano,46,144
073011,Lizzano,47,141
073011,Lizzano,48,127
073011,Lizzano,49,141
073011,Lizzano,50,148
073011,Lizzano,51,141
073011,Lizzano,52,123
073011,Lizzano,53,146
073011,Lizzano,54,152
073011,Lizzano,55,152
073011,Lizzano,56,155
073011,Lizzano,57,139
073011,Lizzano,58,154
073011,Lizzano,59,131
073011,Lizzano,60,128
073011,Lizzano,61,129
073011,Lizzano,62,141
073011,Lizzano,63,147
073011,Lizzano,64,138
073011,Lizzano,65,155
075039,Maglie,18,126
075039,Maglie,19,134
075039,Maglie,20,115
075039,Maglie,21,117
075039,Maglie,22,140
075039,Maglie,23,137
075039,Maglie,24,124
075039,Maglie,25,130
075039,Maglie,26,131
075039,Maglie,27,115
075039,Maglie,28,116
075039,Maglie,29,132
075039,Maglie,30,147
075039,Maglie,31,105
075039,Maglie,32,138
075039,Maglie,33,126
075039,Maglie,34,140
075039,Maglie,35,120
075039,Maglie,36,120
075039,Maglie,37,130
075039,Maglie,38,142
075039,Maglie,39,126
075039,Maglie,40,172
075039,Maglie,41,158
075039,Maglie,42,169
075039,Maglie,43,212
075039,Maglie,44,191
075039,Maglie,45,186
075039,Maglie,46,203
075039,Maglie,47,193
075039,Maglie,48,214
075039,Maglie,49,200
075039,Maglie,50,184
075039,Maglie,51,176
075039,Maglie,52,212
075039,Maglie,53,224
075039,Maglie,54,206
075039,Maglie,55,212
075039,Maglie,56,238
075039,Maglie,57,206
075039,Maglie,58,227
075039,Maglie,59,230
075039,Maglie,60,217
075039,Maglie,61,211
075039,Maglie,62,222
075039,Maglie,63,195
075039,Maglie,64,202
075039,Maglie,65,184
073012,Manduria,18,299
073012,Manduria,19,334
073012,Manduria,20,328
073012,Manduria,21,289
073012,Manduria,22,307
073012,Manduria,23,288
073012,Manduria,24,307
073012,Manduria,25,290
073012,Manduria,26,291
073012,Manduria,27,279
073012,Manduria,28,295
073012,Manduria,29,275
073012,Manduria,30,321
073012,Manduria,31,282
073012,Manduria,32,295
073012,Manduria,33,316
073012,Manduria,34,323
073012,Manduria,35,283
073012,Manduria,36,320
073012,Manduria,37,343
073012,Manduria,38,367
073012,Manduria,39,358
073012,Manduria,40,378
073012,Manduria,41,378
073012,Manduria,42,380
073012,Manduria,43,432
073012,Manduria,44,437
073012,Manduria,45,467
073012,Manduria,46,479
073012,Manduria,47,442
073012,Manduria,48,496
073012,Manduria,49,489
073012,Manduria,50,444
073012,Manduria,51,472
073012,Manduria,52,444
073012,Manduria,53,446
073012,Manduria,54,468
073012,Manduria,55,483
073012,Manduria,56,475
073012,Manduria,57,466
073012,Manduria,58,507
073012,Manduria,59,458
073012,Manduria,60,424
073012,Manduria,61,391
073012,Manduria,62,457
073012,Manduria,63,461
073012,Manduria,64,381
073012,Manduria,65,431
075040,Martano,18,89
075040,Martano,19,67
075040,Martano,20,77
075040,Martano,21,78
075040,Martano,22,99
075040,Martano,23,86
075040,Martano,24,86
075040,Martano,25,74
075040,Martano,26,82
075040,Martano,27,68
075040,Martano,28,84
075040,Martano,29,79
075040,Martano,30,99
075040,Martano,31,92
075040,Martano,32,104
075040,Martano,33,82
075040,Martano,34,80
075040,Martano,35,94
075040,Martano,36,101
075040,Martano,37,78
075040,Martano,38,98
075040,Martano,39,104
075040,Martano,40,83
075040,Martano,41,108
075040,Martano,42,119
075040,Martano,43,102
075040,Martano,44,127
075040,Martano,45,121
075040,Martano,46,140
075040,Martano,47,128
075040,Martano,48,133
075040,Martano,49,116
075040,Martano,50,113
075040,Martano,51,131
075040,Martano,52,136
075040,Martano,53,157
075040,Martano,54,135
075040,Martano,55,133
075040,Martano,56,104
075040,Martano,57,141
075040,Martano,58,149
075040,Martano,59,149
075040,Martano,60,128
075040,Martano,61,122
075040,Martano,62,129
075040,Martano,63,119
075040,Martano,64,94
075040,Martano,65,112
075041,Martignano,18,15
075041,Martignano,19,18
075041,Martignano,20,15
075041,Martignano,21,13
075041,Martignano,22,19
075041,Martignano,23,12
075041,Martignano,24,12
075041,Martignano,25,16
075041,Martignano,26,15
075041,Martignano,27,19
075041,Martignano,28,14
075041,Martignano,29,18
075041,Martignano,30,16
075041,Martignano,31,11
075041,Martignano,32,10
075041,Martignano,33,23
075041,Martignano,34,15
075041,Martignano,35,14
075041,Martignano,36,14
075041,Martignano,37,22
075041,Martignano,38,17
075041,Martignano,39,19
075041,Martignano,40,19
075041,Martignano,41,19
075041,Martignano,42,24
075041,Martignano,43,24
075041,Martignano,44,16
075041,Martignano,45,17
075041,Martignano,46,20
075041,Martignano,47,30
075041,Martignano,48,19
075041,Martignano,49,21
075041,Martignano,50,20
075041,Martignano,51,28
075041,Martignano,52,24
075041,Martignano,53,22
075041,Martignano,54,24
075041,Martignano,55,28
075041,Martignano,56,24
075041,Martignano,57,27
075041,Martignano,58,38
075041,Martignano,59,30
075041,Martignano,60,21
075041,Martignano,61,26
075041,Martignano,62,22
075041,Martignano,63,21
075041,Martignano,64,22
075041,Martignano,65,20
073013,Martina Franca,18,489
073013,Martina Franca,19,480
073013,Martina Franca,20,489
073013,Martina Franca,21,491
073013,Martina Franca,22,445
073013,Martina Franca,23,444
073013,Martina Franca,24,415
073013,Martina Franca,25,482
073013,Martina Franca,26,469
073013,Martina Franca,27,422
073013,Martina Franca,28,463
073013,Martina Franca,29,472
073013,Martina Franca,30,441
073013,Martina Franca,31,489
073013,Martina Franca,32,542
073013,Martina Franca,33,487
073013,Martina Franca,34,551
073013,Martina Franca,35,504
073013,Martina Franca,36,521
073013,Martina Franca,37,538
073013,Martina Franca,38,573
073013,Martina Franca,39,570
073013,Martina Franca,40,546
073013,Martina Franca,41,567
073013,Martina Franca,42,584
073013,Martina Franca,43,651
073013,Martina Franca,44,680
073013,Martina Franca,45,733
073013,Martina Franca,46,710
073013,Martina Franca,47,790
073013,Martina Franca,48,789
073013,Martina Franca,49,800
073013,Martina Franca,50,713
073013,Martina Franca,51,784
073013,Martina Franca,52,734
073013,Martina Franca,53,803
073013,Martina Franca,54,765
073013,Martina Franca,55,800
073013,Martina Franca,56,738
073013,Martina Franca,57,775
073013,Martina Franca,58,750
073013,Martina Franca,59,745
073013,Martina Franca,60,690
073013,Martina Franca,61,749
073013,Martina Franca,62,658
073013,Martina Franca,63,670
073013,Martina Franca,64,639
073013,Martina Franca,65,658
073014,Maruggio,18,42
073014,Maruggio,19,40
073014,Maruggio,20,60
073014,Maruggio,21,53
073014,Maruggio,22,57
073014,Maruggio,23,54
073014,Maruggio,24,48
073014,Maruggio,25,46
073014,Maruggio,26,47
073014,Maruggio,27,52
073014,Maruggio,28,45
073014,Maruggio,29,57
073014,Maruggio,30,53
073014,Maruggio,31,57
073014,Maruggio,32,55
073014,Maruggio,33,52
073014,Maruggio,34,66
073014,Maruggio,35,46
073014,Maruggio,36,66
073014,Maruggio,37,45
073014,Maruggio,38,59
073014,Maruggio,39,80
073014,Maruggio,40,49
073014,Maruggio,41,71
073014,Maruggio,42,76
073014,Maruggio,43,59
073014,Maruggio,44,78
073014,Maruggio,45,73
073014,Maruggio,46,79
073014,Maruggio,47,81
073014,Maruggio,48,86
073014,Maruggio,49,79
073014,Maruggio,50,69
073014,Maruggio,51,76
073014,Maruggio,52,60
073014,Maruggio,53,82
073014,Maruggio,54,74
073014,Maruggio,55,84
073014,Maruggio,56,78
073014,Maruggio,57,92
073014,Maruggio,58,77
073014,Maruggio,59,93
073014,Maruggio,60,81
073014,Maruggio,61,88
073014,Maruggio,62,90
073014,Maruggio,63,82
073014,Maruggio,64,68
073014,Maruggio,65,81
073015,Massafra,18,311
073015,Massafra,19,308
073015,Massafra,20,348
073015,Massafra,21,349
073015,Massafra,22,325
073015,Massafra,23,337
073015,Massafra,24,375
073015,Massafra,25,384
073015,Massafra,26,381
073015,Massafra,27,348
073015,Massafra,28,337
073015,Massafra,29,375
073015,Massafra,30,399
073015,Massafra,31,394
073015,Massafra,32,378
073015,Massafra,33,371
073015,Massafra,34,405
073015,Massafra,35,405
073015,Massafra,36,421
073015,Massafra,37,415
073015,Massafra,38,429
073015,Massafra,39,410
073015,Massafra,40,409
073015,Massafra,41,418
073015,Massafra,42,439
073015,Massafra,43,419
073015,Massafra,44,494
073015,Massafra,45,513
073015,Massafra,46,518
073015,Massafra,47,530
073015,Massafra,48,526
073015,Massafra,49,486
073015,Massafra,50,529
073015,Massafra,51,477
073015,Massafra,52,486
073015,Massafra,53,488
073015,Massafra,54,480
073015,Massafra,55,506
073015,Massafra,56,470
073015,Massafra,57,518
073015,Massafra,58,483
073015,Massafra,59,428
073015,Massafra,60,450
073015,Massafra,61,431
073015,Massafra,62,447
073015,Massafra,63,396
073015,Massafra,64,429
073015,Massafra,65,388
075042,Matino,18,124
075042,Matino,19,122
075042,Matino,20,134
075042,Matino,21,106
075042,Matino,22,112
075042,Matino,23,91
075042,Matino,24,115
075042,Matino,25,102
075042,Matino,26,111
075042,Matino,27,98
075042,Matino,28,118
075042,Matino,29,107
075042,Matino,30,113
075042,Matino,31,112
075042,Matino,32,111
075042,Matino,33,112
075042,Matino,34,122
075042,Matino,35,137
075042,Matino,36,107
075042,Matino,37,118
075042,Matino,38,118
075042,Matino,39,131
075042,Matino,40,133
075042,Matino,41,134
075042,Matino,42,136
075042,Matino,43,152
075042,Matino,44,164
075042,Matino,45,161
075042,Matino,46,185
075042,Matino,47,152
075042,Matino,48,174
075042,Matino,49,157
075042,Matino,50,154
075042,Matino,51,162
075042,Matino,52,151
075042,Matino,53,192
075042,Matino,54,174
075042,Matino,55,160
075042,Matino,56,167
075042,Matino,57,146
075042,Matino,58,171
075042,Matino,59,175
075042,Matino,60,156
075042,Matino,61,133
075042,Matino,62,132
075042,Matino,63,169
075042,Matino,64,132
075042,Matino,65,146
075043,Melendugno,18,104
075043,Melendugno,19,82
075043,Melendugno,20,110
075043,Melendugno,21,101
075043,Melendugno,22,91
075043,Melendugno,23,93
075043,Melendugno,24,131
075043,Melendugno,25,85
075043,Melendugno,26,90
075043,Melendugno,27,90
075043,Melendugno,28,87
075043,Melendugno,29,117
075043,Melendugno,30,110
075043,Melendugno,31,101
075043,Melendugno,32,105
075043,Melendugno,33,122
075043,Melendugno,34,96
075043,Melendugno,35,136
075043,Melendugno,36,130
075043,Melendugno,37,124
075043,Melendugno,38,103
075043,Melendugno,39,114
075043,Melendugno,40,119
075043,Melendugno,41,134
075043,Melendugno,42,136
075043,Melendugno,43,177
075043,Melendugno,44,170
075043,Melendugno,45,139
075043,Melendugno,46,159
075043,Melendugno,47,154
075043,Melendugno,48,176
075043,Melendugno,49,166
075043,Melendugno,50,168
075043,Melendugno,51,171
075043,Melendugno,52,138
075043,Melendugno,53,152
075043,Melendugno,54,156
075043,Melendugno,55,160
075043,Melendugno,56,164
075043,Melendugno,57,137
075043,Melendugno,58,173
075043,Melendugno,59,159
075043,Melendugno,60,160
075043,Melendugno,61,146
075043,Melendugno,62,149
075043,Melendugno,63,147
075043,Melendugno,64,155
075043,Melendugno,65,147
075044,Melissano,18,66
075044,Melissano,19,75
075044,Melissano,20,78
075044,Melissano,21,65
075044,Melissano,22,71
075044,Melissano,23,71
075044,Melissano,24,65
075044,Melissano,25,91
075044,Melissano,26,64
075044,Melissano,27,74
075044,Melissano,28,66
075044,Melissano,29,62
075044,Melissano,30,67
075044,Melissano,31,72
075044,Melissano,32,74
075044,Melissano,33,61
075044,Melissano,34,54
075044,Melissano,35,76
075044,Melissano,36,73
075044,Melissano,37,57
075044,Melissano,38,63
075044,Melissano,39,62
075044,Melissano,40,81
075044,Melissano,41,77
075044,Melissano,42,82
075044,Melissano,43,96
075044,Melissano,44,95
075044,Melissano,45,104
075044,Melissano,46,106
075044,Melissano,47,86
075044,Melissano,48,118
075044,Melissano,49,99
075044,Melissano,50,88
075044,Melissano,51,97
075044,Melissano,52,93
075044,Melissano,53,111
075044,Melissano,54,103
075044,Melissano,55,119
075044,Melissano,56,101
075044,Melissano,57,97
075044,Melissano,58,100
075044,Melissano,59,117
075044,Melissano,60,110
075044,Melissano,61,98
075044,Melissano,62,100
075044,Melissano,63,88
075044,Melissano,64,94
075044,Melissano,65,83
075045,Melpignano,18,27
075045,Melpignano,19,24
075045,Melpignano,20,27
075045,Melpignano,21,25
075045,Melpignano,22,21
075045,Melpignano,23,22
075045,Melpignano,24,25
075045,Melpignano,25,19
075045,Melpignano,26,21
075045,Melpignano,27,16
075045,Melpignano,28,18
075045,Melpignano,29,14
075045,Melpignano,30,28
075045,Melpignano,31,29
075045,Melpignano,32,25
075045,Melpignano,33,14
075045,Melpignano,34,31
075045,Melpignano,35,20
075045,Melpignano,36,18
075045,Melpignano,37,23
075045,Melpignano,38,34
075045,Melpignano,39,21
075045,Melpignano,40,27
075045,Melpignano,41,23
075045,Melpignano,42,23
075045,Melpignano,43,26
075045,Melpignano,44,28
075045,Melpignano,45,30
075045,Melpignano,46,24
075045,Melpignano,47,32
075045,Melpignano,48,28
075045,Melpignano,49,38
075045,Melpignano,50,27
075045,Melpignano,51,45
075045,Melpignano,52,28
075045,Melpignano,53,36
075045,Melpignano,54,33
075045,Melpignano,55,42
075045,Melpignano,56,40
075045,Melpignano,57,26
075045,Melpignano,58,35
075045,Melpignano,59,35
075045,Melpignano,60,29
075045,Melpignano,61,38
075045,Melpignano,62,34
075045,Melpignano,63,23
075045,Melpignano,64,26
075045,Melpignano,65,37
074010,Mesagne,18,266
074010,Mesagne,19,260
074010,Mesagne,20,254
074010,Mesagne,21,268
074010,Mesagne,22,289
074010,Mesagne,23,232
074010,Mesagne,24,238
074010,Mesagne,25,241
074010,Mesagne,26,222
074010,Mesagne,27,251
074010,Mesagne,28,231
074010,Mesagne,29,231
074010,Mesagne,30,290
074010,Mesagne,31,286
074010,Mesagne,32,259
074010,Mesagne,33,295
074010,Mesagne,34,299
074010,Mesagne,35,299
074010,Mesagne,36,274
074010,Mesagne,37,307
074010,Mesagne,38,308
074010,Mesagne,39,297
074010,Mesagne,40,323
074010,Mesagne,41,335
074010,Mesagne,42,356
074010,Mesagne,43,370
074010,Mesagne,44,363
074010,Mesagne,45,360
074010,Mesagne,46,416
074010,Mesagne,47,422
074010,Mesagne,48,425
074010,Mesagne,49,422
074010,Mesagne,50,390
074010,Mesagne,51,420
074010,Mesagne,52,421
074010,Mesagne,53,418
074010,Mesagne,54,421
074010,Mesagne,55,426
074010,Mesagne,56,423
074010,Mesagne,57,416
074010,Mesagne,58,403
074010,Mesagne,59,405
074010,Mesagne,60,368
074010,Mesagne,61,410
074010,Mesagne,62,376
074010,Mesagne,63,408
074010,Mesagne,64,341
074010,Mesagne,65,371
075046,Miggiano,18,31
075046,Miggiano,19,32
075046,Miggiano,20,32
075046,Miggiano,21,32
075046,Miggiano,22,48
075046,Miggiano,23,28
075046,Miggiano,24,36
075046,Miggiano,25,35
075046,Miggiano,26,40
075046,Miggiano,27,39
075046,Miggiano,28,34
075046,Miggiano,29,36
075046,Miggiano,30,30
075046,Miggiano,31,29
075046,Miggiano,32,33
075046,Miggiano,33,26
075046,Miggiano,34,31
075046,Miggiano,35,22
075046,Miggiano,36,33
075046,Miggiano,37,27
075046,Miggiano,38,29
075046,Miggiano,39,32
075046,Miggiano,40,44
075046,Miggiano,41,39
075046,Miggiano,42,34
075046,Miggiano,43,43
075046,Miggiano,44,48
075046,Miggiano,45,45
075046,Miggiano,46,45
075046,Miggiano,47,61
075046,Miggiano,48,49
075046,Miggiano,49,58
075046,Miggiano,50,62
075046,Miggiano,51,37
075046,Miggiano,52,50
075046,Miggiano,53,51
075046,Miggiano,54,56
075046,Miggiano,55,50
075046,Miggiano,56,47
075046,Miggiano,57,35
075046,Miggiano,58,72
075046,Miggiano,59,54
075046,Miggiano,60,43
075046,Miggiano,61,47
075046,Miggiano,62,54
075046,Miggiano,63,41
075046,Miggiano,64,35
075046,Miggiano,65,54
075047,Minervino di Lecce,18,34
075047,Minervino di Lecce,19,35
075047,Minervino di Lecce,20,29
075047,Minervino di Lecce,21,31
075047,Minervino di Lecce,22,38
075047,Minervino di Lecce,23,36
075047,Minervino di Lecce,24,31
075047,Minervino di Lecce,25,30
075047,Minervino di Lecce,26,33
075047,Minervino di Lecce,27,35
075047,Minervino di Lecce,28,32
075047,Minervino di Lecce,29,16
075047,Minervino di Lecce,30,35
075047,Minervino di Lecce,31,30
075047,Minervino di Lecce,32,31
075047,Minervino di Lecce,33,36
075047,Minervino di Lecce,34,35
075047,Minervino di Lecce,35,28
075047,Minervino di Lecce,36,35
075047,Minervino di Lecce,37,35
075047,Minervino di Lecce,38,43
075047,Minervino di Lecce,39,38
075047,Minervino di Lecce,40,36
075047,Minervino di Lecce,41,35
075047,Minervino di Lecce,42,44
075047,Minervino di Lecce,43,41
075047,Minervino di Lecce,44,55
075047,Minervino di Lecce,45,52
075047,Minervino di Lecce,46,52
075047,Minervino di Lecce,47,60
075047,Minervino di Lecce,48,57
075047,Minervino di Lecce,49,39
075047,Minervino di Lecce,50,53
075047,Minervino di Lecce,51,62
075047,Minervino di Lecce,52,54
075047,Minervino di Lecce,53,43
075047,Minervino di Lecce,54,38
075047,Minervino di Lecce,55,59
075047,Minervino di Lecce,56,49
075047,Minervino di Lecce,57,45
075047,Minervino di Lecce,58,50
075047,Minervino di Lecce,59,52
075047,Minervino di Lecce,60,45
075047,Minervino di Lecce,61,48
075047,Minervino di Lecce,62,44
075047,Minervino di Lecce,63,55
075047,Minervino di Lecce,64,38
075047,Minervino di Lecce,65,43
073016,Monteiasi,18,53
073016,Monteiasi,19,67
073016,Monteiasi,20,50
073016,Monteiasi,21,58
073016,Monteiasi,22,46
073016,Monteiasi,23,55
073016,Monteiasi,24,49
073016,Monteiasi,25,43
073016,Monteiasi,26,37
073016,Monteiasi,27,46
073016,Monteiasi,28,50
073016,Monteiasi,29,47
073016,Monteiasi,30,51
073016,Monteiasi,31,51
073016,Monteiasi,32,61
073016,Monteiasi,33,41
073016,Monteiasi,34,72
073016,Monteiasi,35,58
073016,Monteiasi,36,59
073016,Monteiasi,37,63
073016,Monteiasi,38,66
073016,Monteiasi,39,67
073016,Monteiasi,40,79
073016,Monteiasi,41,75
073016,Monteiasi,42,72
073016,Monteiasi,43,94
073016,Monteiasi,44,89
073016,Monteiasi,45,97
073016,Monteiasi,46,107
073016,Monteiasi,47,108
073016,Monteiasi,48,109
073016,Monteiasi,49,98
073016,Monteiasi,50,89
073016,Monteiasi,51,67
073016,Monteiasi,52,81
073016,Monteiasi,53,79
073016,Monteiasi,54,96
073016,Monteiasi,55,65
073016,Monteiasi,56,82
073016,Monteiasi,57,62
073016,Monteiasi,58,64
073016,Monteiasi,59,77
073016,Monteiasi,60,65
073016,Monteiasi,61,79
073016,Monteiasi,62,66
073016,Monteiasi,63,58
073016,Monteiasi,64,80
073016,Monteiasi,65,72
073017,Montemesola,18,24
073017,Montemesola,19,29
073017,Montemesola,20,44
073017,Montemesola,21,25
073017,Montemesola,22,32
073017,Montemesola,23,32
073017,Montemesola,24,27
073017,Montemesola,25,36
073017,Montemesola,26,36
073017,Montemesola,27,32
073017,Montemesola,28,38
073017,Montemesola,29,46
073017,Montemesola,30,35
073017,Montemesola,31,39
073017,Montemesola,32,41
073017,Montemesola,33,27
073017,Montemesola,34,34
073017,Montemesola,35,34
073017,Montemesola,36,37
073017,Montemesola,37,27
073017,Montemesola,38,44
073017,Montemesola,39,44
073017,Montemesola,40,44
073017,Montemesola,41,43
073017,Montemesola,42,53
073017,Montemesola,43,52
073017,Montemesola,44,46
073017,Montemesola,45,50
073017,Montemesola,46,47
073017,Montemesola,47,62
073017,Montemesola,48,53
073017,Montemesola,49,33
073017,Montemesola,50,44
073017,Montemesola,51,56
073017,Montemesola,52,49
073017,Montemesola,53,45
073017,Montemesola,54,60
073017,Montemesola,55,42
073017,Montemesola,56,54
073017,Montemesola,57,59
073017,Montemesola,58,62
073017,Montemesola,59,57
073017,Montemesola,60,58
073017,Montemesola,61,68
073017,Montemesola,62,53
073017,Montemesola,63,70
073017,Montemesola,64,71
073017,Montemesola,65,62
073018,Monteparano,18,17
073018,Monteparano,19,25
073018,Monteparano,20,27
073018,Monteparano,21,19
073018,Monteparano,22,24
073018,Monteparano,23,16
073018,Monteparano,24,20
073018,Monteparano,25,17
073018,Monteparano,26,20
073018,Monteparano,27,18
073018,Monteparano,28,23
073018,Monteparano,29,24
073018,Monteparano,30,25
073018,Monteparano,31,25
073018,Monteparano,32,17
073018,Monteparano,33,21
073018,Monteparano,34,30
073018,Monteparano,35,20
073018,Monteparano,36,29
073018,Monteparano,37,24
073018,Monteparano,38,38
073018,Monteparano,39,20
073018,Monteparano,40,25
073018,Monteparano,41,22
073018,Monteparano,42,31
073018,Monteparano,43,30
073018,Monteparano,44,44
073018,Monteparano,45,38
073018,Monteparano,46,42
073018,Monteparano,47,27
073018,Monteparano,48,36
073018,Monteparano,49,46
073018,Monteparano,50,41
073018,Monteparano,51,34
073018,Monteparano,52,31
073018,Monteparano,53,38
073018,Monteparano,54,27
073018,Monteparano,55,36
073018,Monteparano,56,30
073018,Monteparano,57,32
073018,Monteparano,58,34
073018,Monteparano,59,38
073018,Monteparano,60,29
073018,Monteparano,61,34
073018,Monteparano,62,38
073018,Monteparano,63,28
073018,Monteparano,64,32
073018,Monteparano,65,34
075048,Monteroni di Lecce,18,149
075048,Monteroni di Lecce,19,147
075048,Monteroni di Lecce,20,142
075048,Monteroni di Lecce,21,141
075048,Monteroni di Lecce,22,154
075048,Monteroni di Lecce,23,151
075048,Monteroni di Lecce,24,161
075048,Monteroni di Lecce,25,129
075048,Monteroni di Lecce,26,123
075048,Monteroni di Lecce,27,138
075048,Monteroni di Lecce,28,138
075048,Monteroni di Lecce,29,115
075048,Monteroni di Lecce,30,183
075048,Monteroni di Lecce,31,135
075048,Monteroni di Lecce,32,166
075048,Monteroni di Lecce,33,141
075048,Monteroni di Lecce,34,147
075048,Monteroni di Lecce,35,144
075048,Monteroni di Lecce,36,137
075048,Monteroni di Lecce,37,148
075048,Monteroni di Lecce,38,157
075048,Monteroni di Lecce,39,138
075048,Monteroni di Lecce,40,165
075048,Monteroni di Lecce,41,169
075048,Monteroni di Lecce,42,191
075048,Monteroni di Lecce,43,188
075048,Monteroni di Lecce,44,174
075048,Monteroni di Lecce,45,226
075048,Monteroni di Lecce,46,210
075048,Monteroni di Lecce,47,209
075048,Monteroni di Lecce,48,192
075048,Monteroni di Lecce,49,206
075048,Monteroni di Lecce,50,196
075048,Monteroni di Lecce,51,222
075048,Monteroni di Lecce,52,222
075048,Monteroni di Lecce,53,227
075048,Monteroni di Lecce,54,201
075048,Monteroni di Lecce,55,192
075048,Monteroni di Lecce,56,260
075048,Monteroni di Lecce,57,203
075048,Monteroni di Lecce,58,220
075048,Monteroni di Lecce,59,190
075048,Monteroni di Lecce,60,190
075048,Monteroni di Lecce,61,190
075048,Monteroni di Lecce,62,197
075048,Monteroni di Lecce,63,174
075048,Monteroni di Lecce,64,158
075048,Monteroni di Lecce,65,146
075049,Montesano Salentino,18,29
075049,Montesano Salentino,19,23
075049,Montesano Salentino,20,29
075049,Montesano Salentino,21,47
075049,Montesano Salentino,22,37
075049,Montesano Salentino,23,35
075049,Montesano Salentino,24,29
075049,Montesano Salentino,25,32
075049,Montesano Salentino,26,25
075049,Montesano Salentino,27,27
075049,Montesano Salentino,28,26
075049,Montesano Salentino,29,33
075049,Montesano Salentino,30,33
075049,Montesano Salentino,31,25
075049,Montesano Salentino,32,29
075049,Montesano Salentino,33,22
075049,Montesano Salentino,34,40
075049,Montesano Salentino,35,31
075049,Montesano Salentino,36,30
075049,Montesano Salentino,37,26
075049,Montesano Salentino,38,36
075049,Montesano Salentino,39,40
075049,Montesano Salentino,40,29
075049,Montesano Salentino,41,29
075049,Montesano Salentino,42,29
075049,Montesano Salentino,43,42
075049,Montesano Salentino,44,31
075049,Montesano Salentino,45,37
075049,Montesano Salentino,46,35
075049,Montesano Salentino,47,45
075049,Montesano Salentino,48,41
075049,Montesano Salentino,49,46
075049,Montesano Salentino,50,42
075049,Montesano Salentino,51,30
075049,Montesano Salentino,52,31
075049,Montesano Salentino,53,33
075049,Montesano Salentino,54,39
075049,Montesano Salentino,55,41
075049,Montesano Salentino,56,41
075049,Montesano Salentino,57,29
075049,Montesano Salentino,58,52
075049,Montesano Salentino,59,46
075049,Montesano Salentino,60,40
075049,Montesano Salentino,61,24
075049,Montesano Salentino,62,24
075049,Montesano Salentino,63,38
075049,Montesano Salentino,64,36
075049,Montesano Salentino,65,30
075050,Morciano di Leuca,18,27
075050,Morciano di Leuca,19,41
075050,Morciano di Leuca,20,32
075050,Morciano di Leuca,21,23
075050,Morciano di Leuca,22,27
075050,Morciano di Leuca,23,33
075050,Morciano di Leuca,24,29
075050,Morciano di Leuca,25,19
075050,Morciano di Leuca,26,33
075050,Morciano di Leuca,27,27
075050,Morciano di Leuca,28,28
075050,Morciano di Leuca,29,20
075050,Morciano di Leuca,30,26
075050,Morciano di Leuca,31,29
075050,Morciano di Leuca,32,23
075050,Morciano di Leuca,33,28
075050,Morciano di Leuca,34,33
075050,Morciano di Leuca,35,36
075050,Morciano di Leuca,36,29
075050,Morciano di Leuca,37,24
075050,Morciano di Leuca,38,19
075050,Morciano di Leuca,39,39
075050,Morciano di Leuca,40,37
075050,Morciano di Leuca,41,39
075050,Morciano di Leuca,42,35
075050,Morciano di Leuca,43,36
075050,Morciano di Leuca,44,37
075050,Morciano di Leuca,45,41
075050,Morciano di Leuca,46,38
075050,Morciano di Leuca,47,37
075050,Morciano di Leuca,48,42
075050,Morciano di Leuca,49,43
075050,Morciano di Leuca,50,34
075050,Morciano di Leuca,51,54
075050,Morciano di Leuca,52,43
075050,Morciano di Leuca,53,55
075050,Morciano di Leuca,54,44
075050,Morciano di Leuca,55,51
075050,Morciano di Leuca,56,39
075050,Morciano di Leuca,57,53
075050,Morciano di Leuca,58,65
075050,Morciano di Leuca,59,48
075050,Morciano di Leuca,60,36
075050,Morciano di Leuca,61,46
075050,Morciano di Leuca,62,54
075050,Morciano di Leuca,63,41
075050,Morciano di Leuca,64,39
075050,Morciano di Leuca,65,46
073019,Mottola,18,139
073019,Mottola,19,157
073019,Mottola,20,173
073019,Mottola,21,152
073019,Mottola,22,155
073019,Mottola,23,171
073019,Mottola,24,181
073019,Mottola,25,161
073019,Mottola,26,169
073019,Mottola,27,152
073019,Mottola,28,160
073019,Mottola,29,161
073019,Mottola,30,145
073019,Mottola,31,150
073019,Mottola,32,148
073019,Mottola,33,167
073019,Mottola,34,165
073019,Mottola,35,173
073019,Mottola,36,172
073019,Mottola,37,172
073019,Mottola,38,167
073019,Mottola,39,198
073019,Mottola,40,149
073019,Mottola,41,214
073019,Mottola,42,198
073019,Mottola,43,221
073019,Mottola,44,195
073019,Mottola,45,231
073019,Mottola,46,219
073019,Mottola,47,268
073019,Mottola,48,251
073019,Mottola,49,235
073019,Mottola,50,242
073019,Mottola,51,249
073019,Mottola,52,220
073019,Mottola,53,241
073019,Mottola,54,232
073019,Mottola,55,260
073019,Mottola,56,244
073019,Mottola,57,230
073019,Mottola,58,245
073019,Mottola,59,196
073019,Mottola,60,202
073019,Mottola,61,230
073019,Mottola,62,215
073019,Mottola,63,219
073019,Mottola,64,198
073019,Mottola,65,227
075051,Muro Leccese,18,31
075051,Muro Leccese,19,39
075051,Muro Leccese,20,44
075051,Muro Leccese,21,49
075051,Muro Leccese,22,69
075051,Muro Leccese,23,55
075051,Muro Leccese,24,56
075051,Muro Leccese,25,53
075051,Muro Leccese,26,49
075051,Muro Leccese,27,42
075051,Muro Leccese,28,41
075051,Muro Leccese,29,56
075051,Muro Leccese,30,49
075051,Muro Leccese,31,57
075051,Muro Leccese,32,51
075051,Muro Leccese,33,46
075051,Muro Leccese,34,47
075051,Muro Leccese,35,58
075051,Muro Leccese,36,57
075051,Muro Leccese,37,57
075051,Muro Leccese,38,46
075051,Muro Leccese,39,53
075051,Muro Leccese,40,46
075051,Muro Leccese,41,58
075051,Muro Leccese,42,60
075051,Muro Leccese,43,69
075051,Muro Leccese,44,55
075051,Muro Leccese,45,66
075051,Muro Leccese,46,66
075051,Muro Leccese,47,52
075051,Muro Leccese,48,60
075051,Muro Leccese,49,69
075051,Muro Leccese,50,56
075051,Muro Leccese,51,81
075051,Muro Leccese,52,70
075051,Muro Leccese,53,79
075051,Muro Leccese,54,72
075051,Muro Leccese,55,76
075051,Muro Leccese,56,89
075051,Muro Leccese,57,89
075051,Muro Leccese,58,77
075051,Muro Leccese,59,74
075051,Muro Leccese,60,82
075051,Muro Leccese,61,77
075051,Muro Leccese,62,79
075051,Muro Leccese,63,77
075051,Muro Leccese,64,57
075051,Muro Leccese,65,68
075052,Nardò,18,315
075052,Nardò,19,301
075052,Nardò,20,293
075052,Nardò,21,331
075052,Nardò,22,308
075052,Nardò,23,319
075052,Nardò,24,331
075052,Nardò,25,364
075052,Nardò,26,310
075052,Nardò,27,332
075052,Nardò,28,319
075052,Nardò,29,332
075052,Nardò,30,328
075052,Nardò,31,338
075052,Nardò,32,343
075052,Nardò,33,352
075052,Nardò,34,356
075052,Nardò,35,356
075052,Nardò,36,327
075052,Nardò,37,350
075052,Nardò,38,356
075052,Nardò,39,362
075052,Nardò,40,353
075052,Nardò,41,374
075052,Nardò,42,395
075052,Nardò,43,409
075052,Nardò,44,447
075052,Nardò,45,429
075052,Nardò,46,466
075052,Nardò,47,465
075052,Nardò,48,459
075052,Nardò,49,459
075052,Nardò,50,497
075052,Nardò,51,479
075052,Nardò,52,499
075052,Nardò,53,477
075052,Nardò,54,504
075052,Nardò,55,531
075052,Nardò,56,526
075052,Nardò,57,506
075052,Nardò,58,541
075052,Nardò,59,475
075052,Nardò,60,453
075052,Nardò,61,451
075052,Nardò,62,478
075052,Nardò,63,446
075052,Nardò,64,384
075052,Nardò,65,437
075053,Neviano,18,49
075053,Neviano,19,58
075053,Neviano,20,41
075053,Neviano,21,56
075053,Neviano,22,56
075053,Neviano,23,46
075053,Neviano,24,52
075053,Neviano,25,50
075053,Neviano,26,53
075053,Neviano,27,48
075053,Neviano,28,57
075053,Neviano,29,46
075053,Neviano,30,57
075053,Neviano,31,58
075053,Neviano,32,49
075053,Neviano,33,38
075053,Neviano,34,64
075053,Neviano,35,52
075053,Neviano,36,49
075053,Neviano,37,57
075053,Neviano,38,56
075053,Neviano,39,53
075053,Neviano,40,73
075053,Neviano,41,53
075053,Neviano,42,46
075053,Neviano,43,57
075053,Neviano,44,35
075053,Neviano,45,65
075053,Neviano,46,65
075053,Neviano,47,65
075053,Neviano,48,67
075053,Neviano,49,73
075053,Neviano,50,46
075053,Neviano,51,65
075053,Neviano,52,60
075053,Neviano,53,69
075053,Neviano,54,77
075053,Neviano,55,78
075053,Neviano,56,91
075053,Neviano,57,74
075053,Neviano,58,81
075053,Neviano,59,83
075053,Neviano,60,77
075053,Neviano,61,79
075053,Neviano,62,89
075053,Neviano,63,74
075053,Neviano,64,79
075053,Neviano,65,79
075054,Nociglia,18,18
075054,Nociglia,19,15
075054,Nociglia,20,23
075054,Nociglia,21,23
075054,Nociglia,22,23
075054,Nociglia,23,29
075054,Nociglia,24,24
075054,Nociglia,25,24
075054,Nociglia,26,25
075054,Nociglia,27,23
075054,Nociglia,28,19
075054,Nociglia,29,26
075054,Nociglia,30,32
075054,Nociglia,31,24
075054,Nociglia,32,24
075054,Nociglia,33,15
075054,Nociglia,34,15
075054,Nociglia,35,19
075054,Nociglia,36,25
075054,Nociglia,37,23
075054,Nociglia,38,14
075054,Nociglia,39,17
075054,Nociglia,40,13
075054,Nociglia,41,25
075054,Nociglia,42,22
075054,Nociglia,43,19
075054,Nociglia,44,31
075054,Nociglia,45,42
075054,Nociglia,46,21
075054,Nociglia,47,27
075054,Nociglia,48,31
075054,Nociglia,49,34
075054,Nociglia,50,29
075054,Nociglia,51,35
075054,Nociglia,52,32
075054,Nociglia,53,34
075054,Nociglia,54,45
075054,Nociglia,55,40
075054,Nociglia,56,34
075054,Nociglia,57,39
075054,Nociglia,58,40
075054,Nociglia,59,36
075054,Nociglia,60,30
075054,Nociglia,61,31
075054,Nociglia,62,31
075054,Nociglia,63,28
075054,Nociglia,64,37
075054,Nociglia,65,35
075055,Novoli,18,73
075055,Novoli,19,85
075055,Novoli,20,77
075055,Novoli,21,79
075055,Novoli,22,98
075055,Novoli,23,71
075055,Novoli,24,77
075055,Novoli,25,94
075055,Novoli,26,73
075055,Novoli,27,86
075055,Novoli,28,88
075055,Novoli,29,91
075055,Novoli,30,81
075055,Novoli,31,91
075055,Novoli,32,66
075055,Novoli,33,68
075055,Novoli,34,77
075055,Novoli,35,87
075055,Novoli,36,66
075055,Novoli,37,66
075055,Novoli,38,79
075055,Novoli,39,61
075055,Novoli,40,73
075055,Novoli,41,91
075055,Novoli,42,73
075055,Novoli,43,109
075055,Novoli,44,90
075055,Novoli,45,104
075055,Novoli,46,127
075055,Novoli,47,97
075055,Novoli,48,125
075055,Novoli,49,107
075055,Novoli,50,108
075055,Novoli,51,125
075055,Novoli,52,114
075055,Novoli,53,114
075055,Novoli,54,135
075055,Novoli,55,121
075055,Novoli,56,120
075055,Novoli,57,145
075055,Novoli,58,111
075055,Novoli,59,139
075055,Novoli,60,111
075055,Novoli,61,101
075055,Novoli,62,96
075055,Novoli,63,95
075055,Novoli,64,106
075055,Novoli,65,94
074011,Oria,18,157
074011,Oria,19,152
074011,Oria,20,147
074011,Oria,21,154
074011,Oria,22,162
074011,Oria,23,166
074011,Oria,24,160
074011,Oria,25,139
074011,Oria,26,157
074011,Oria,27,142
074011,Oria,28,143
074011,Oria,29,149
074011,Oria,30,157
074011,Oria,31,157
074011,Oria,32,182
074011,Oria,33,161
074011,Oria,34,178
074011,Oria,35,165
074011,Oria,36,172
074011,Oria,37,161
074011,Oria,38,183
074011,Oria,39,183
074011,Oria,40,178
074011,Oria,41,189
074011,Oria,42,193
074011,Oria,43,209
074011,Oria,44,199
074011,Oria,45,196
074011,Oria,46,236
074011,Oria,47,233
074011,Oria,48,247
074011,Oria,49,231
074011,Oria,50,224
074011,Oria,51,207
074011,Oria,52,219
074011,Oria,53,218
074011,Oria,54,232
074011,Oria,55,236
074011,Oria,56,250
074011,Oria,57,216
074011,Oria,58,244
074011,Oria,59,240
074011,Oria,60,206
074011,Oria,61,227
074011,Oria,62,203
074011,Oria,63,198
074011,Oria,64,177
074011,Oria,65,191
075056,Ortelle,18,21
075056,Ortelle,19,19
075056,Ortelle,20,29
075056,Ortelle,21,21
075056,Ortelle,22,23
075056,Ortelle,23,21
075056,Ortelle,24,27
075056,Ortelle,25,25
075056,Ortelle,26,33
075056,Ortelle,27,22
075056,Ortelle,28,22
075056,Ortelle,29,23
075056,Ortelle,30,24
075056,Ortelle,31,20
075056,Ortelle,32,20
075056,Ortelle,33,28
075056,Ortelle,34,21
075056,Ortelle,35,17
075056,Ortelle,36,24
075056,Ortelle,37,21
075056,Ortelle,38,24
075056,Ortelle,39,23
075056,Ortelle,40,13
075056,Ortelle,41,23
075056,Ortelle,42,25
075056,Ortelle,43,24
075056,Ortelle,44,22
075056,Ortelle,45,24
075056,Ortelle,46,26
075056,Ortelle,47,26
075056,Ortelle,48,28
075056,Ortelle,49,31
075056,Ortelle,50,23
075056,Ortelle,51,37
075056,Ortelle,52,42
075056,Ortelle,53,28
075056,Ortelle,54,42
075056,Ortelle,55,48
075056,Ortelle,56,47
075056,Ortelle,57,37
075056,Ortelle,58,47
075056,Ortelle,59,31
075056,Ortelle,60,31
075056,Ortelle,61,38
075056,Ortelle,62,43
075056,Ortelle,63,32
075056,Ortelle,64,36
075056,Ortelle,65,26
074012,Ostuni,18,268
074012,Ostuni,19,267
074012,Ostuni,20,305
074012,Ostuni,21,305
074012,Ostuni,22,292
074012,Ostuni,23,309
074012,Ostuni,24,310
074012,Ostuni,25,267
074012,Ostuni,26,313
074012,Ostuni,27,282
074012,Ostuni,28,271
074012,Ostuni,29,304
074012,Ostuni,30,321
074012,Ostuni,31,329
074012,Ostuni,32,318
074012,Ostuni,33,319
074012,Ostuni,34,303
074012,Ostuni,35,292
074012,Ostuni,36,335
074012,Ostuni,37,347
074012,Ostuni,38,346
074012,Ostuni,39,313
074012,Ostuni,40,337
074012,Ostuni,41,339
074012,Ostuni,42,347
074012,Ostuni,43,388
074012,Ostuni,44,411
074012,Ostuni,45,452
074012,Ostuni,46,492
074012,Ostuni,47,481
074012,Ostuni,48,534
074012,Ostuni,49,486
074012,Ostuni,50,446
074012,Ostuni,51,446
074012,Ostuni,52,495
074012,Ostuni,53,498
074012,Ostuni,54,513
074012,Ostuni,55,547
074012,Ostuni,56,475
074012,Ostuni,57,500
074012,Ostuni,58,511
074012,Ostuni,59,466
074012,Ostuni,60,451
074012,Ostuni,61,469
074012,Ostuni,62,422
074012,Ostuni,63,437
074012,Ostuni,64,430
074012,Ostuni,65,449
075057,Otranto,18,58
075057,Otranto,19,48
075057,Otranto,20,56
075057,Otranto,21,56
075057,Otranto,22,51
075057,Otranto,23,54
075057,Otranto,24,46
075057,Otranto,25,76
075057,Otranto,26,58
075057,Otranto,27,53
075057,Otranto,28,46
075057,Otranto,29,50
075057,Otranto,30,59
075057,Otranto,31,71
075057,Otranto,32,57
075057,Otranto,33,55
075057,Otranto,34,52
075057,Otranto,35,48
075057,Otranto,36,65
075057,Otranto,37,77
075057,Otranto,38,59
075057,Otranto,39,68
075057,Otranto,40,60
075057,Otranto,41,63
075057,Otranto,42,77
075057,Otranto,43,81
075057,Otranto,44,72
075057,Otranto,45,84
075057,Otranto,46,85
075057,Otranto,47,83
075057,Otranto,48,103
075057,Otranto,49,105
075057,Otranto,50,95
075057,Otranto,51,95
075057,Otranto,52,103
075057,Otranto,53,100
075057,Otranto,54,100
075057,Otranto,55,99
075057,Otranto,56,95
075057,Otranto,57,99
075057,Otranto,58,87
075057,Otranto,59,97
075057,Otranto,60,87
075057,Otranto,61,75
075057,Otranto,62,76
075057,Otranto,63,80
075057,Otranto,64,75
075057,Otranto,65,86
073020,Palagianello,18,95
073020,Palagianello,19,95
073020,Palagianello,20,79
073020,Palagianello,21,85
073020,Palagianello,22,75
073020,Palagianello,23,91
073020,Palagianello,24,86
073020,Palagianello,25,67
073020,Palagianello,26,76
073020,Palagianello,27,79
073020,Palagianello,28,89
073020,Palagianello,29,96
073020,Palagianello,30,88
073020,Palagianello,31,84
073020,Palagianello,32,83
073020,Palagianello,33,81
073020,Palagianello,34,83
073020,Palagianello,35,85
073020,Palagianello,36,82
073020,Palagianello,37,83
073020,Palagianello,38,97
073020,Palagianello,39,103
073020,Palagianello,40,109
073020,Palagianello,41,103
073020,Palagianello,42,116
073020,Palagianello,43,99
073020,Palagianello,44,104
073020,Palagianello,45,117
073020,Palagianello,46,127
073020,Palagianello,47,118
073020,Palagianello,48,137
073020,Palagianello,49,108
073020,Palagianello,50,120
073020,Palagianello,51,101
073020,Palagianello,52,96
073020,Palagianello,53,119
073020,Palagianello,54,109
073020,Palagianello,55,110
073020,Palagianello,56,107
073020,Palagianello,57,124
073020,Palagianello,58,137
073020,Palagianello,59,109
073020,Palagianello,60,113
073020,Palagianello,61,116
073020,Palagianello,62,85
073020,Palagianello,63,87
073020,Palagianello,64,105
073020,Palagianello,65,119
073021,Palagiano,18,192
073021,Palagiano,19,187
073021,Palagiano,20,179
073021,Palagiano,21,168
073021,Palagiano,22,169
073021,Palagiano,23,209
073021,Palagiano,24,215
073021,Palagiano,25,224
073021,Palagiano,26,211
073021,Palagiano,27,181
073021,Palagiano,28,199
073021,Palagiano,29,197
073021,Palagiano,30,185
073021,Palagiano,31,174
073021,Palagiano,32,180
073021,Palagiano,33,208
073021,Palagiano,34,179
073021,Palagiano,35,212
073021,Palagiano,36,189
073021,Palagiano,37,210
073021,Palagiano,38,187
073021,Palagiano,39,185
073021,Palagiano,40,186
073021,Palagiano,41,206
073021,Palagiano,42,208
073021,Palagiano,43,227
073021,Palagiano,44,236
073021,Palagiano,45,258
073021,Palagiano,46,258
073021,Palagiano,47,235
073021,Palagiano,48,233
073021,Palagiano,49,230
073021,Palagiano,50,220
073021,Palagiano,51,235
073021,Palagiano,52,231
073021,Palagiano,53,226
073021,Palagiano,54,230
073021,Palagiano,55,212
073021,Palagiano,56,218
073021,Palagiano,57,237
073021,Palagiano,58,217
073021,Palagiano,59,198
073021,Palagiano,60,218
073021,Palagiano,61,204
073021,Palagiano,62,205
073021,Palagiano,63,200
073021,Palagiano,64,169
073021,Palagiano,65,209
075058,Palmariggi,18,14
075058,Palmariggi,19,16
075058,Palmariggi,20,13
075058,Palmariggi,21,12
075058,Palmariggi,22,13
075058,Palmariggi,23,12
075058,Palmariggi,24,6
075058,Palmariggi,25,13
075058,Palmariggi,26,14
075058,Palmariggi,27,8
075058,Palmariggi,28,14
075058,Palmariggi,29,11
075058,Palmariggi,30,14
075058,Palmariggi,31,10
075058,Palmariggi,32,9
075058,Palmariggi,33,12
075058,Palmariggi,34,10
075058,Palmariggi,35,8
075058,Palmariggi,36,10
075058,Palmariggi,37,14
075058,Palmariggi,38,15
075058,Palmariggi,39,10
075058,Palmariggi,40,19
075058,Palmariggi,41,19
075058,Palmariggi,42,12
075058,Palmariggi,43,20
075058,Palmariggi,44,24
075058,Palmariggi,45,22
075058,Palmariggi,46,29
075058,Palmariggi,47,21
075058,Palmariggi,48,28
075058,Palmariggi,49,15
075058,Palmariggi,50,29
075058,Palmariggi,51,26
075058,Palmariggi,52,27
075058,Palmariggi,53,17
075058,Palmariggi,54,24
075058,Palmariggi,55,27
075058,Palmariggi,56,20
075058,Palmariggi,57,22
075058,Palmariggi,58,22
075058,Palmariggi,59,18
075058,Palmariggi,60,25
075058,Palmariggi,61,16
075058,Palmariggi,62,15
075058,Palmariggi,63,13
075058,Palmariggi,64,13
075058,Palmariggi,65,14
075059,Parabita,18,70
075059,Parabita,19,79
075059,Parabita,20,95
075059,Parabita,21,101
075059,Parabita,22,78
075059,Parabita,23,82
075059,Parabita,24,77
075059,Parabita,25,81
075059,Parabita,26,86
075059,Parabita,27,101
075059,Parabita,28,80
075059,Parabita,29,84
075059,Parabita,30,97
075059,Parabita,31,98
075059,Parabita,32,100
075059,Parabita,33,80
075059,Parabita,34,97
075059,Parabita,35,83
075059,Parabita,36,102
075059,Parabita,37,86
075059,Parabita,38,103
075059,Parabita,39,109
075059,Parabita,40,102
075059,Parabita,41,101
075059,Parabita,42,122
075059,Parabita,43,104
075059,Parabita,44,117
075059,Parabita,45,112
075059,Parabita,46,122
075059,Parabita,47,139
075059,Parabita,48,107
075059,Parabita,49,130
075059,Parabita,50,123
075059,Parabita,51,146
075059,Parabita,52,155
075059,Parabita,53,144
075059,Parabita,54,138
075059,Parabita,55,130
075059,Parabita,56,165
075059,Parabita,57,149
075059,Parabita,58,140
075059,Parabita,59,120
075059,Parabita,60,149
075059,Parabita,61,126
075059,Parabita,62,118
075059,Parabita,63,133
075059,Parabita,64,116
075059,Parabita,65,139
075060,Patù,18,18
075060,Patù,19,17
075060,Patù,20,15
075060,Patù,21,17
075060,Patù,22,16
075060,Patù,23,19
075060,Patù,24,22
075060,Patù,25,13
075060,Patù,26,12
075060,Patù,27,19
075060,Patù,28,18
075060,Patù,29,17
075060,Patù,30,15
075060,Patù,31,13
075060,Patù,32,21
075060,Patù,33,26
075060,Patù,34,22
075060,Patù,35,13
075060,Patù,36,15
075060,Patù,37,12
075060,Patù,38,19
075060,Patù,39,22
075060,Patù,40,16
075060,Patù,41,15
075060,Patù,42,22
075060,Patù,43,16
075060,Patù,44,20
075060,Patù,45,20
075060,Patù,46,23
075060,Patù,47,23
075060,Patù,48,16
075060,Patù,49,28
075060,Patù,50,23
075060,Patù,51,19
075060,Patù,52,28
075060,Patù,53,20
075060,Patù,54,31
075060,Patù,55,27
075060,Patù,56,29
075060,Patù,57,32
075060,Patù,58,25
075060,Patù,59,37
075060,Patù,60,30
075060,Patù,61,35
075060,Patù,62,16
075060,Patù,63,29
075060,Patù,64,20
075060,Patù,65,30
075061,Poggiardo,18,55
075061,Poggiardo,19,54
075061,Poggiardo,20,62
075061,Poggiardo,21,59
075061,Poggiardo,22,44
075061,Poggiardo,23,60
075061,Poggiardo,24,70
075061,Poggiardo,25,65
075061,Poggiardo,26,68
075061,Poggiardo,27,66
075061,Poggiardo,28,56
075061,Poggiardo,29,51
075061,Poggiardo,30,59
075061,Poggiardo,31,60
075061,Poggiardo,32,69
075061,Poggiardo,33,78
075061,Poggiardo,34,73
075061,Poggiardo,35,75
075061,Poggiardo,36,68
075061,Poggiardo,37,75
075061,Poggiardo,38,65
075061,Poggiardo,39,74
075061,Poggiardo,40,69
075061,Poggiardo,41,59
075061,Poggiardo,42,63
075061,Poggiardo,43,68
075061,Poggiardo,44,70
075061,Poggiardo,45,66
075061,Poggiardo,46,92
075061,Poggiardo,47,82
075061,Poggiardo,48,69
075061,Poggiardo,49,79
075061,Poggiardo,50,92
075061,Poggiardo,51,98
075061,Poggiardo,52,97
075061,Poggiardo,53,86
075061,Poggiardo,54,74
075061,Poggiardo,55,93
075061,Poggiardo,56,107
075061,Poggiardo,57,88
075061,Poggiardo,58,98
075061,Poggiardo,59,88
075061,Poggiardo,60,97
075061,Poggiardo,61,85
075061,Poggiardo,62,83
075061,Poggiardo,63,89
075061,Poggiardo,64,80
075061,Poggiardo,65,97
075097,Porto Cesareo,18,71
075097,Porto Cesareo,19,76
075097,Porto Cesareo,20,64
075097,Porto Cesareo,21,57
075097,Porto Cesareo,22,69
075097,Porto Cesareo,23,60
075097,Porto Cesareo,24,58
075097,Porto Cesareo,25,59
075097,Porto Cesareo,26,70
075097,Porto Cesareo,27,76
075097,Porto Cesareo,28,86
075097,Porto Cesareo,29,73
075097,Porto Cesareo,30,77
075097,Porto Cesareo,31,73
075097,Porto Cesareo,32,72
075097,Porto Cesareo,33,69
075097,Porto Cesareo,34,82
075097,Porto Cesareo,35,71
075097,Porto Cesareo,36,85
075097,Porto Cesareo,37,84
075097,Porto Cesareo,38,86
075097,Porto Cesareo,39,83
075097,Porto Cesareo,40,94
075097,Porto Cesareo,41,97
075097,Porto Cesareo,42,102
075097,Porto Cesareo,43,109
075097,Porto Cesareo,44,119
075097,Porto Cesareo,45,99
075097,Porto Cesareo,46,96
075097,Porto Cesareo,47,87
075097,Porto Cesareo,48,125
075097,Porto Cesareo,49,95
075097,Porto Cesareo,50,108
075097,Porto Cesareo,51,99
075097,Porto Cesareo,52,95
075097,Porto Cesareo,53,99
075097,Porto Cesareo,54,93
075097,Porto Cesareo,55,87
075097,Porto Cesareo,56,98
075097,Porto Cesareo,57,107
075097,Porto Cesareo,58,99
075097,Porto Cesareo,59,96
075097,Porto Cesareo,60,87
075097,Porto Cesareo,61,84
075097,Porto Cesareo,62,94
075097,Porto Cesareo,63,64
075097,Porto Cesareo,64,71
075097,Porto Cesareo,65,71
075098,Presicce-Acquarica,18,107
075098,Presicce-Acquarica,19,110
075098,Presicce-Acquarica,20,90
075098,Presicce-Acquarica,21,98
075098,Presicce-Acquarica,22,98
075098,Presicce-Acquarica,23,86
075098,Presicce-Acquarica,24,100
075098,Presicce-Acquarica,25,101
075098,Presicce-Acquarica,26,95
075098,Presicce-Acquarica,27,101
075098,Presicce-Acquarica,28,101
075098,Presicce-Acquarica,29,98
075098,Presicce-Acquarica,30,95
075098,Presicce-Acquarica,31,85
075098,Presicce-Acquarica,32,87
075098,Presicce-Acquarica,33,92
075098,Presicce-Acquarica,34,113
075098,Presicce-Acquarica,35,76
075098,Presicce-Acquarica,36,92
075098,Presicce-Acquarica,37,89
075098,Presicce-Acquarica,38,94
075098,Presicce-Acquarica,39,87
075098,Presicce-Acquarica,40,95
075098,Presicce-Acquarica,41,99
075098,Presicce-Acquarica,42,117
075098,Presicce-Acquarica,43,113
075098,Presicce-Acquarica,44,113
075098,Presicce-Acquarica,45,121
075098,Presicce-Acquarica,46,127
075098,Presicce-Acquarica,47,125
075098,Presicce-Acquarica,48,116
075098,Presicce-Acquarica,49,130
075098,Presicce-Acquarica,50,127
075098,Presicce-Acquarica,51,122
075098,Presicce-Acquarica,52,144
075098,Presicce-Acquarica,53,128
075098,Presicce-Acquarica,54,147
075098,Presicce-Acquarica,55,137
075098,Presicce-Acquarica,56,155
075098,Presicce-Acquarica,57,165
075098,Presicce-Acquarica,58,159
075098,Presicce-Acquarica,59,156
075098,Presicce-Acquarica,60,126
075098,Presicce-Acquarica,61,122
075098,Presicce-Acquarica,62,130
075098,Presicce-Acquarica,63,123
075098,Presicce-Acquarica,64,125
075098,Presicce-Acquarica,65,129
073022,Pulsano,18,115
073022,Pulsano,19,111
073022,Pulsano,20,114
073022,Pulsano,21,104
073022,Pulsano,22,114
073022,Pulsano,23,93
073022,Pulsano,24,108
073022,Pulsano,25,109
073022,Pulsano,26,98
073022,Pulsano,27,102
073022,Pulsano,28,75
073022,Pulsano,29,104
073022,Pulsano,30,103
073022,Pulsano,31,113
073022,Pulsano,32,118
073022,Pulsano,33,114
073022,Pulsano,34,119
073022,Pulsano,35,125
073022,Pulsano,36,122
073022,Pulsano,37,134
073022,Pulsano,38,128
073022,Pulsano,39,158
073022,Pulsano,40,156
073022,Pulsano,41,164
073022,Pulsano,42,155
073022,Pulsano,43,189
073022,Pulsano,44,175
073022,Pulsano,45,208
073022,Pulsano,46,214
073022,Pulsano,47,205
073022,Pulsano,48,190
073022,Pulsano,49,185
073022,Pulsano,50,157
073022,Pulsano,51,160
073022,Pulsano,52,168
073022,Pulsano,53,171
073022,Pulsano,54,180
073022,Pulsano,55,163
073022,Pulsano,56,161
073022,Pulsano,57,159
073022,Pulsano,58,174
073022,Pulsano,59,157
073022,Pulsano,60,146
073022,Pulsano,61,168
073022,Pulsano,62,177
073022,Pulsano,63,143
073022,Pulsano,64,136
073022,Pulsano,65,147
075063,Racale,18,106
075063,Racale,19,134
075063,Racale,20,133
075063,Racale,21,124
075063,Racale,22,114
075063,Racale,23,98
075063,Racale,24,117
075063,Racale,25,122
075063,Racale,26,98
075063,Racale,27,115
075063,Racale,28,117
075063,Racale,29,133
075063,Racale,30,107
075063,Racale,31,112
075063,Racale,32,115
075063,Racale,33,133
075063,Racale,34,136
075063,Racale,35,121
075063,Racale,36,123
075063,Racale,37,105
075063,Racale,38,130
075063,Racale,39,128
075063,Racale,40,139
075063,Racale,41,131
075063,Racale,42,136
075063,Racale,43,166
075063,Racale,44,148
075063,Racale,45,161
075063,Racale,46,189
075063,Racale,47,179
075063,Racale,48,186
075063,Racale,49,193
075063,Racale,50,138
075063,Racale,51,162
075063,Racale,52,149
075063,Racale,53,155
075063,Racale,54,187
075063,Racale,55,194
075063,Racale,56,172
075063,Racale,57,190
075063,Racale,58,157
075063,Racale,59,137
075063,Racale,60,163
075063,Racale,61,144
075063,Racale,62,132
075063,Racale,63,143
075063,Racale,64,140
075063,Racale,65,126
073023,Roccaforzata,18,9
073023,Roccaforzata,19,20
073023,Roccaforzata,20,13
073023,Roccaforzata,21,14
073023,Roccaforzata,22,12
073023,Roccaforzata,23,26
073023,Roccaforzata,24,14
073023,Roccaforzata,25,22
073023,Roccaforzata,26,18
073023,Roccaforzata,27,16
073023,Roccaforzata,28,18
073023,Roccaforzata,29,17
073023,Roccaforzata,30,19
073023,Roccaforzata,31,19
073023,Roccaforzata,32,17
073023,Roccaforzata,33,21
073023,Roccaforzata,34,20
073023,Roccaforzata,35,20
073023,Roccaforzata,36,26
073023,Roccaforzata,37,29
073023,Roccaforzata,38,28
073023,Roccaforzata,39,24
073023,Roccaforzata,40,23
073023,Roccaforzata,41,27
073023,Roccaforzata,42,26
073023,Roccaforzata,43,26
073023,Roccaforzata,44,25
073023,Roccaforzata,45,26
073023,Roccaforzata,46,27
073023,Roccaforzata,47,30
073023,Roccaforzata,48,19
073023,Roccaforzata,49,18
073023,Roccaforzata,50,28
073023,Roccaforzata,51,25
073023,Roccaforzata,52,23
073023,Roccaforzata,53,27
073023,Roccaforzata,54,16
073023,Roccaforzata,55,30
073023,Roccaforzata,56,28
073023,Roccaforzata,57,24
073023,Roccaforzata,58,31
073023,Roccaforzata,59,31
073023,Roccaforzata,60,24
073023,Roccaforzata,61,30
073023,Roccaforzata,62,29
073023,Roccaforzata,63,20
073023,Roccaforzata,64,26
073023,Roccaforzata,65,28
075064,Ruffano,18,124
075064,Ruffano,19,106
075064,Ruffano,20,110
075064,Ruffano,21,113
075064,Ruffano,22,127
075064,Ruffano,23,114
075064,Ruffano,24,97
075064,Ruffano,25,106
075064,Ruffano,26,109
075064,Ruffano,27,93
075064,Ruffano,28,101
075064,Ruffano,29,82
075064,Ruffano,30,82
075064,Ruffano,31,99
075064,Ruffano,32,82
075064,Ruffano,33,111
075064,Ruffano,34,84
075064,Ruffano,35,102
075064,Ruffano,36,90
075064,Ruffano,37,94
075064,Ruffano,38,109
075064,Ruffano,39,96
075064,Ruffano,40,126
075064,Ruffano,41,118
075064,Ruffano,42,112
075064,Ruffano,43,102
075064,Ruffano,44,142
075064,Ruffano,45,139
075064,Ruffano,46,155
075064,Ruffano,47,145
075064,Ruffano,48,146
075064,Ruffano,49,149
075064,Ruffano,50,161
075064,Ruffano,51,145
075064,Ruffano,52,151
075064,Ruffano,53,154
075064,Ruffano,54,161
075064,Ruffano,55,165
075064,Ruffano,56,143
075064,Ruffano,57,134
075064,Ruffano,58,130
075064,Ruffano,59,124
075064,Ruffano,60,113
075064,Ruffano,61,119
075064,Ruffano,62,116
075064,Ruffano,63,118
075064,Ruffano,64,102
075064,Ruffano,65,110
075065,Salice Salentino,18,88
075065,Salice Salentino,19,90
075065,Salice Salentino,20,68
075065,Salice Salentino,21,85
075065,Salice Salentino,22,66
075065,Salice Salentino,23,70
075065,Salice Salentino,24,82
075065,Salice Salentino,25,67
075065,Salice Salentino,26,68
075065,Salice Salentino,27,74
075065,Salice Salentino,28,74
075065,Salice Salentino,29,76
075065,Salice Salentino,30,88
075065,Salice Salentino,31,70
075065,Salice Salentino,32,90
075065,Salice Salentino,33,74
075065,Salice Salentino,34,86
075065,Salice Salentino,35,68
075065,Salice Salentino,36,73
075065,Salice Salentino,37,83
075065,Salice Salentino,38,85
075065,Salice Salentino,39,95
075065,Salice Salentino,40,79
075065,Salice Salentino,41,96
075065,Salice Salentino,42,88
075065,Salice Salentino,43,129
075065,Salice Salentino,44,113
075065,Salice Salentino,45,101
075065,Salice Salentino,46,115
075065,Salice Salentino,47,131
075065,Salice Salentino,48,119
075065,Salice Salentino,49,114
075065,Salice Salentino,50,115
075065,Salice Salentino,51,111
075065,Salice Salentino,52,107
075065,Salice Salentino,53,134
075065,Salice Salentino,54,131
075065,Salice Salentino,55,107
075065,Salice Salentino,56,121
075065,Salice Salentino,57,120
075065,Salice Salentino,58,140
075065,Salice Salentino,59,97
075065,Salice Salentino,60,100
075065,Salice Salentino,61,94
075065,Salice Salentino,62,128
075065,Salice Salentino,63,96
075065,Salice Salentino,64,103
075065,Salice Salentino,65,108
075066,Salve,18,46
075066,Salve,19,47
075066,Salve,20,45
075066,Salve,21,51
075066,Salve,22,37
075066,Salve,23,40
075066,Salve,24,42
075066,Salve,25,38
075066,Salve,26,47
075066,Salve,27,48
075066,Salve,28,45
075066,Salve,29,51
075066,Salve,30,62
075066,Salve,31,47
075066,Salve,32,40
075066,Salve,33,42
075066,Salve,34,50
075066,Salve,35,46
075066,Salve,36,40
075066,Salve,37,49
075066,Salve,38,42
075066,Salve,39,53
075066,Salve,40,47
075066,Salve,41,35
075066,Salve,42,48
075066,Salve,43,44
075066,Salve,44,62
075066,Salve,45,50
075066,Salve,46,85
075066,Salve,47,67
075066,Salve,48,71
075066,Salve,49,65
075066,Salve,50,48
075066,Salve,51,61
075066,Salve,52,69
075066,Salve,53,77
075066,Salve,54,68
075066,Salve,55,73
075066,Salve,56,70
075066,Salve,57,78
075066,Salve,58,94
075066,Salve,59,69
075066,Salve,60,65
075066,Salve,61,68
075066,Salve,62,47
075066,Salve,63,69
075066,Salve,64,56
075066,Salve,65,46
075067,Sanarica,18,18
075067,Sanarica,19,13
075067,Sanarica,20,9
075067,Sanarica,21,10
075067,Sanarica,22,7
075067,Sanarica,23,8
075067,Sanarica,24,15
075067,Sanarica,25,15
075067,Sanarica,26,11
075067,Sanarica,27,7
075067,Sanarica,28,19
075067,Sanarica,29,11
075067,Sanarica,30,18
075067,Sanarica,31,9
075067,Sanarica,32,10
075067,Sanarica,33,14
075067,Sanarica,34,20
075067,Sanarica,35,20
075067,Sanarica,36,14
075067,Sanarica,37,18
075067,Sanarica,38,15
075067,Sanarica,39,18
075067,Sanarica,40,22
075067,Sanarica,41,27
075067,Sanarica,42,37
075067,Sanarica,43,23
075067,Sanarica,44,29
075067,Sanarica,45,22
075067,Sanarica,46,18
075067,Sanarica,47,29
075067,Sanarica,48,21
075067,Sanarica,49,17
075067,Sanarica,50,13
075067,Sanarica,51,17
075067,Sanarica,52,16
075067,Sanarica,53,16
075067,Sanarica,54,17
075067,Sanarica,55,29
075067,Sanarica,56,18
075067,Sanarica,57,18
075067,Sanarica,58,29
075067,Sanarica,59,22
075067,Sanarica,60,21
075067,Sanarica,61,20
075067,Sanarica,62,14
075067,Sanarica,63,18
075067,Sanarica,64,18
075067,Sanarica,65,21
075095,San Cassiano,18,17
075095,San Cassiano,19,15
075095,San Cassiano,20,17
075095,San Cassiano,21,15
075095,San Cassiano,22,25
075095,San Cassiano,23,19
075095,San Cassiano,24,22
075095,San Cassiano,25,19
075095,San Cassiano,26,22
075095,San Cassiano,27,19
075095,San Cassiano,28,19
075095,San Cassiano,29,18
075095,San Cassiano,30,26
075095,San Cassiano,31,20
075095,San Cassiano,32,33
075095,San Cassiano,33,27
075095,San Cassiano,34,19
075095,San Cassiano,35,22
075095,San Cassiano,36,24
075095,San Cassiano,37,23
075095,San Cassiano,38,25
075095,San Cassiano,39,23
075095,San Cassiano,40,27
075095,San Cassiano,41,23
075095,San Cassiano,42,27
075095,San Cassiano,43,19
075095,San Cassiano,44,32
075095,San Cassiano,45,25
075095,San Cassiano,46,22
075095,San Cassiano,47,21
075095,San Cassiano,48,27
075095,San Cassiano,49,23
075095,San Cassiano,50,22
075095,San Cassiano,51,32
075095,San Cassiano,52,22
075095,San Cassiano,53,24
075095,San Cassiano,54,33
075095,San Cassiano,55,23
075095,San Cassiano,56,22
075095,San Cassiano,57,33
075095,San Cassiano,58,29
075095,San Cassiano,59,32
075095,San Cassiano,60,31
075095,San Cassiano,61,29
075095,San Cassiano,62,27
075095,San Cassiano,63,51
075095,San Cassiano,64,25
075095,San Cassiano,65,26
075068,San Cesario di Lecce,18,74
075068,San Cesario di Lecce,19,85
075068,San Cesario di Lecce,20,59
075068,San Cesario di Lecce,21,67
075068,San Cesario di Lecce,22,75
075068,San Cesario di Lecce,23,80
075068,San Cesario di Lecce,24,66
075068,San Cesario di Lecce,25,91
075068,San Cesario di Lecce,26,70
075068,San Cesario di Lecce,27,61
075068,San Cesario di Lecce,28,62
075068,San Cesario di Lecce,29,78
075068,San Cesario di Lecce,30,94
075068,San Cesario di Lecce,31,79
075068,San Cesario di Lecce,32,72
075068,San Cesario di Lecce,33,79
075068,San Cesario di Lecce,34,87
075068,San Cesario di Lecce,35,97
075068,San Cesario di Lecce,36,83
075068,San Cesario di Lecce,37,70
075068,San Cesario di Lecce,38,101
075068,San Cesario di Lecce,39,89
075068,San Cesario di Lecce,40,91
075068,San Cesario di Lecce,41,109
075068,San Cesario di Lecce,42,107
075068,San Cesario di Lecce,43,115
075068,San Cesario di Lecce,44,103
075068,San Cesario di Lecce,45,144
075068,San Cesario di Lecce,46,119
075068,San Cesario di Lecce,47,131
075068,San Cesario di Lecce,48,135
075068,San Cesario di Lecce,49,145
075068,San Cesario di Lecce,50,140
075068,San Cesario di Lecce,51,125
075068,San Cesario di Lecce,52,128
075068,San Cesario di Lecce,53,150
075068,San Cesario di Lecce,54,122
075068,San Cesario di Lecce,55,141
075068,San Cesario di Lecce,56,142
075068,San Cesario di Lecce,57,129
075068,San Cesario di Lecce,58,138
075068,San Cesario di Lecce,59,145
075068,San Cesario di Lecce,60,112
075068,San Cesario di Lecce,61,99
075068,San Cesario di Lecce,62,101
075068,San Cesario di Lecce,63,100
075068,San Cesario di Lecce,64,97
075068,San Cesario di Lecce,65,94
074013,San Donaci,18,55
074013,San Donaci,19,48
074013,San Donaci,20,69
074013,San Donaci,21,75
074013,San Donaci,22,52
074013,San Donaci,23,72
074013,San Donaci,24,49
074013,San Donaci,25,58
074013,San Donaci,26,62
074013,San Donaci,27,52
074013,San Donaci,28,66
074013,San Donaci,29,72
074013,San Donaci,30,52
074013,San Donaci,31,71
074013,San Donaci,32,60
074013,San Donaci,33,75
074013,San Donaci,34,61
074013,San Donaci,35,66
074013,San Donaci,36,58
074013,San Donaci,37,61
074013,San Donaci,38,75
074013,San Donaci,39,66
074013,San Donaci,40,69
074013,San Donaci,41,80
074013,San Donaci,42,77
074013,San Donaci,43,77
074013,San Donaci,44,72
074013,San Donaci,45,72
074013,San Donaci,46,99
074013,San Donaci,47,118
074013,San Donaci,48,90
074013,San Donaci,49,93
074013,San Donaci,50,95
074013,San Donaci,51,92
074013,San Donaci,52,86
074013,San Donaci,53,85
074013,San Donaci,54,99
074013,San Donaci,55,78
074013,San Donaci,56,93
074013,San Donaci,57,110
074013,San Donaci,58,118
074013,San Donaci,59,91
074013,San Donaci,60,101
074013,San Donaci,61,86
074013,San Donaci,62,82
074013,San Donaci,63,101
074013,San Donaci,64,72
074013,San Donaci,65,85
075069,San Donato di Lecce,18,56
075069,San Donato di Lecce,19,45
075069,San Donato di Lecce,20,49
075069,San Donato di Lecce,21,52
075069,San Donato di Lecce,22,45
075069,San Donato di Lecce,23,55
075069,San Donato di Lecce,24,50
075069,San Donato di Lecce,25,37
075069,San Donato di Lecce,26,50
075069,San Donato di Lecce,27,49
075069,San Donato di Lecce,28,57
075069,San Donato di Lecce,29,54
075069,San Donato di Lecce,30,67
075069,San Donato di Lecce,31,51
075069,San Donato di Lecce,32,56
075069,San Donato di Lecce,33,55
075069,San Donato di Lecce,34,53
075069,San Donato di Lecce,35,50
075069,San Donato di Lecce,36,59
075069,San Donato di Lecce,37,60
075069,San Donato di Lecce,38,62
075069,San Donato di Lecce,39,58
075069,San Donato di Lecce,40,49
075069,San Donato di Lecce,41,62
075069,San Donato di Lecce,42,67
075069,San Donato di Lecce,43,72
075069,San Donato di Lecce,44,94
075069,San Donato di Lecce,45,88
075069,San Donato di Lecce,46,93
075069,San Donato di Lecce,47,92
075069,San Donato di Lecce,48,73
075069,San Donato di Lecce,49,91
075069,San Donato di Lecce,50,80
075069,San Donato di Lecce,51,82
075069,San Donato di Lecce,52,90
075069,San Donato di Lecce,53,101
075069,San Donato di Lecce,54,77
075069,San Donato di Lecce,55,90
075069,San Donato di Lecce,56,77
075069,San Donato di Lecce,57,73
075069,San Donato di Lecce,58,103
075069,San Donato di Lecce,59,79
075069,San Donato di Lecce,60,77
075069,San Donato di Lecce,61,102
075069,San Donato di Lecce,62,90
075069,San Donato di Lecce,63,78
075069,San Donato di Lecce,64,83
075069,San Donato di Lecce,65,79
073024,San Giorgio Ionico,18,150
073024,San Giorgio Ionico,19,159
073024,San Giorgio Ionico,20,135
073024,San Giorgio Ionico,21,160
073024,San Giorgio Ionico,22,138
073024,San Giorgio Ionico,23,148
073024,San Giorgio Ionico,24,184
073024,San Giorgio Ionico,25,152
073024,San Giorgio Ionico,26,130
073024,San Giorgio Ionico,27,159
073024,San Giorgio Ionico,28,131
073024,San Giorgio Ionico,29,138
073024,San Giorgio Ionico,30,143
073024,San Giorgio Ionico,31,131
073024,San Giorgio Ionico,32,128
073024,San Giorgio Ionico,33,154
073024,San Giorgio Ionico,34,163
073024,San Giorgio Ionico,35,135
073024,San Giorgio Ionico,36,155
073024,San Giorgio Ionico,37,172
073024,San Giorgio Ionico,38,142
073024,San Giorgio Ionico,39,159
073024,San Giorgio Ionico,40,190
073024,San Giorgio Ionico,41,164
073024,San Giorgio Ionico,42,188
073024,San Giorgio Ionico,43,193
073024,San Giorgio Ionico,44,225
073024,San Giorgio Ionico,45,247
073024,San Giorgio Ionico,46,239
073024,San Giorgio Ionico,47,247
073024,San Giorgio Ionico,48,230
073024,San Giorgio Ionico,49,242
073024,San Giorgio Ionico,50,258
073024,San Giorgio Ionico,51,231
073024,San Giorgio Ionico,52,207
073024,San Giorgio Ionico,53,234
073024,San Giorgio Ionico,54,222
073024,San Giorgio Ionico,55,238
073024,San Giorgio Ionico,56,217
073024,San Giorgio Ionico,57,237
073024,San Giorgio Ionico,58,217
073024,San Giorgio Ionico,59,187
073024,San Giorgio Ionico,60,197
073024,San Giorgio Ionico,61,194
073024,San Giorgio Ionico,62,192
073024,San Giorgio Ionico,63,175
073024,San Giorgio Ionico,64,195
073024,San Giorgio Ionico,65,182
073025,San Marzano di San Giuseppe,18,98
073025,San Marzano di San Giuseppe,19,102
073025,San Marzano di San Giuseppe,20,122
073025,San Marzano di San Giuseppe,21,131
073025,San Marzano di San Giuseppe,22,118
073025,San Marzano di San Giuseppe,23,116
073025,San Marzano di San Giuseppe,24,90
073025,San Marzano di San Giuseppe,25,114
073025,San Marzano di San Giuseppe,26,94
073025,San Marzano di San Giuseppe,27,76
073025,San Marzano di San Giuseppe,28,99
073025,San Marzano di San Giuseppe,29,89
073025,San Marzano di San Giuseppe,30,99
073025,San Marzano di San Giuseppe,31,99
073025,San Marzano di San Giuseppe,32,92
073025,San Marzano di San Giuseppe,33,85
073025,San Marzano di San Giuseppe,34,102
073025,San Marzano di San Giuseppe,35,105
073025,San Marzano di San Giuseppe,36,114
073025,San Marzano di San Giuseppe,37,101
073025,San Marzano di San Giuseppe,38,135
073025,San Marzano di San Giuseppe,39,108
073025,San Marzano di San Giuseppe,40,127
073025,San Marzano di San Giuseppe,41,105
073025,San Marzano di San Giuseppe,42,133
073025,San Marzano di San Giuseppe,43,131
073025,San Marzano di San Giuseppe,44,149
073025,San Marzano di San Giuseppe,45,133
073025,San Marzano di San Giuseppe,46,142
073025,San Marzano di San Giuseppe,47,145
073025,San Marzano di San Giuseppe,48,134
073025,San Marzano di San Giuseppe,49,150
073025,San Marzano di San Giuseppe,50,138
073025,San Marzano di San Giuseppe,51,149
073025,San Marzano di San Giuseppe,52,114
073025,San Marzano di San Giuseppe,53,125
073025,San Marzano di San Giuseppe,54,147
073025,San Marzano di San Giuseppe,55,120
073025,San Marzano di San Giuseppe,56,132
073025,San Marzano di San Giuseppe,57,151
073025,San Marzano di San Giuseppe,58,127
073025,San Marzano di San Giuseppe,59,129
073025,San Marzano di San Giuseppe,60,128
073025,San Marzano di San Giuseppe,61,127
073025,San Marzano di San Giuseppe,62,122
073025,San Marzano di San Giuseppe,63,98
073025,San Marzano di San Giuseppe,64,96
073025,San Marzano di San Giuseppe,65,105
074014,San Michele Salentino,18,55
074014,San Michele Salentino,19,56
074014,San Michele Salentino,20,69
074014,San Michele Salentino,21,64
074014,San Michele Salentino,22,79
074014,San Michele Salentino,23,69
074014,San Michele Salentino,24,67
074014,San Michele Salentino,25,50
074014,San Michele Salentino,26,66
074014,San Michele Salentino,27,65
074014,San Michele Salentino,28,60
074014,San Michele Salentino,29,72
074014,San Michele Salentino,30,75
074014,San Michele Salentino,31,83
074014,San Michele Salentino,32,69
074014,San Michele Salentino,33,53
074014,San Michele Salentino,34,69
074014,San Michele Salentino,35,61
074014,San Michele Salentino,36,80
074014,San Michele Salentino,37,61
074014,San Michele Salentino,38,79
074014,San Michele Salentino,39,65
074014,San Michele Salentino,40,71
074014,San Michele Salentino,41,77
074014,San Michele Salentino,42,61
074014,San Michele Salentino,43,93
074014,San Michele Salentino,44,74
074014,San Michele Salentino,45,82
074014,San Michele Salentino,46,77
074014,San Michele Salentino,47,111
074014,San Michele Salentino,48,111
074014,San Michele Salentino,49,88
074014,San Michele Salentino,50,88
074014,San Michele Salentino,51,91
074014,San Michele Salentino,52,98
074014,San Michele Salentino,53,103
074014,San Michele Salentino,54,98
074014,San Michele Salentino,55,113
074014,San Michele Salentino,56,86
074014,San Michele Salentino,57,106
074014,San Michele Salentino,58,94
074014,San Michele Salentino,59,104
074014,San Michele Salentino,60,88
074014,San Michele Salentino,61,74
074014,San Michele Salentino,62,76
074014,San Michele Salentino,63,93
074014,San Michele Salentino,64,78
074014,San Michele Salentino,65,64
075070,Sannicola,18,59
075070,Sannicola,19,40
075070,Sannicola,20,49
075070,Sannicola,21,64
075070,Sannicola,22,51
075070,Sannicola,23,54
075070,Sannicola,24,34
075070,Sannicola,25,52
075070,Sannicola,26,57
075070,Sannicola,27,49
075070,Sannicola,28,52
075070,Sannicola,29,48
075070,Sannicola,30,53
075070,Sannicola,31,54
075070,Sannicola,32,55
075070,Sannicola,33,48
075070,Sannicola,34,59
075070,Sannicola,35,65
075070,Sannicola,36,51
075070,Sannicola,37,45
075070,Sannicola,38,59
075070,Sannicola,39,51
075070,Sannicola,40,72
075070,Sannicola,41,68
075070,Sannicola,42,70
075070,Sannicola,43,62
075070,Sannicola,44,70
075070,Sannicola,45,97
075070,Sannicola,46,86
075070,Sannicola,47,83
075070,Sannicola,48,84
075070,Sannicola,49,91
075070,Sannicola,50,67
075070,Sannicola,51,80
075070,Sannicola,52,86
075070,Sannicola,53,96
075070,Sannicola,54,84
075070,Sannicola,55,89
075070,Sannicola,56,108
075070,Sannicola,57,97
075070,Sannicola,58,102
075070,Sannicola,59,106
075070,Sannicola,60,85
075070,Sannicola,61,81
075070,Sannicola,62,73
075070,Sannicola,63,93
075070,Sannicola,64,77
075070,Sannicola,65,69
074015,San Pancrazio Salentino,18,75
074015,San Pancrazio Salentino,19,85
074015,San Pancrazio Salentino,20,104
074015,San Pancrazio Salentino,21,81
074015,San Pancrazio Salentino,22,95
074015,San Pancrazio Salentino,23,100
074015,San Pancrazio Salentino,24,105
074015,San Pancrazio Salentino,25,93
074015,San Pancrazio Salentino,26,98
074015,San Pancrazio Salentino,27,86
074015,San Pancrazio Salentino,28,99
074015,San Pancrazio Salentino,29,113
074015,San Pancrazio Salentino,30,106
074015,San Pancrazio Salentino,31,94
074015,San Pancrazio Salentino,32,99
074015,San Pancrazio Salentino,33,75
074015,San Pancrazio Salentino,34,89
074015,San Pancrazio Salentino,35,112
074015,San Pancrazio Salentino,36,92
074015,San Pancrazio Salentino,37,111
074015,San Pancrazio Salentino,38,103
074015,San Pancrazio Salentino,39,112
074015,San Pancrazio Salentino,40,124
074015,San Pancrazio Salentino,41,119
074015,San Pancrazio Salentino,42,121
074015,San Pancrazio Salentino,43,120
074015,San Pancrazio Salentino,44,138
074015,San Pancrazio Salentino,45,124
074015,San Pancrazio Salentino,46,150
074015,San Pancrazio Salentino,47,124
074015,San Pancrazio Salentino,48,114
074015,San Pancrazio Salentino,49,129
074015,San Pancrazio Salentino,50,139
074015,San Pancrazio Salentino,51,118
074015,San Pancrazio Salentino,52,159
074015,San Pancrazio Salentino,53,147
074015,San Pancrazio Salentino,54,150
074015,San Pancrazio Salentino,55,151
074015,San Pancrazio Salentino,56,129
074015,San Pancrazio Salentino,57,155
074015,San Pancrazio Salentino,58,149
074015,San Pancrazio Salentino,59,132
074015,San Pancrazio Salentino,60,131
074015,San Pancrazio Salentino,61,141
074015,San Pancrazio Salentino,62,137
074015,San Pancrazio Salentino,63,110
074015,San Pancrazio Salentino,64,135
074015,San Pancrazio Salentino,65,138
075071,San Pietro in Lama,18,21
075071,San Pietro in Lama,19,36
075071,San Pietro in Lama,20,37
075071,San Pietro in Lama,21,31
075071,San Pietro in Lama,22,31
075071,San Pietro in Lama,23,35
075071,San Pietro in Lama,24,31
075071,San Pietro in Lama,25,30
075071,San Pietro in Lama,26,24
075071,San Pietro in Lama,27,24
075071,San Pietro in Lama,28,22
075071,San Pietro in Lama,29,40
075071,San Pietro in Lama,30,28
075071,San Pietro in Lama,31,30
075071,San Pietro in Lama,32,38
075071,San Pietro in Lama,33,22
075071,San Pietro in Lama,34,34
075071,San Pietro in Lama,35,33
075071,San Pietro in Lama,36,35
075071,San Pietro in Lama,37,42
075071,San Pietro in Lama,38,36
075071,San Pietro in Lama,39,39
075071,San Pietro in Lama,40,53
075071,San Pietro in Lama,41,42
075071,San Pietro in Lama,42,51
075071,San Pietro in Lama,43,50
075071,San Pietro in Lama,44,46
075071,San Pietro in Lama,45,51
075071,San Pietro in Lama,46,54
075071,San Pietro in Lama,47,53
075071,San Pietro in Lama,48,66
075071,San Pietro in Lama,49,52
075071,San Pietro in Lama,50,49
075071,San Pietro in Lama,51,61
075071,San Pietro in Lama,52,43
075071,San Pietro in Lama,53,46
075071,San Pietro in Lama,54,53
075071,San Pietro in Lama,55,52
075071,San Pietro in Lama,56,45
075071,San Pietro in Lama,57,52
075071,San Pietro in Lama,58,64
075071,San Pietro in Lama,59,37
075071,San Pietro in Lama,60,50
075071,San Pietro in Lama,61,49
075071,San Pietro in Lama,62,33
075071,San Pietro in Lama,63,44
075071,San Pietro in Lama,64,49
075071,San Pietro in Lama,65,40
074016,San Pietro Vernotico,18,143
074016,San Pietro Vernotico,19,133
074016,San Pietro Vernotico,20,124
074016,San Pietro Vernotico,21,110
074016,San Pietro Vernotico,22,140
074016,San Pietro Vernotico,23,131
074016,San Pietro Vernotico,24,144
074016,San Pietro Vernotico,25,139
074016,San Pietro Vernotico,26,151
074016,San Pietro Vernotico,27,126
074016,San Pietro Vernotico,28,134
074016,San Pietro Vernotico,29,130
074016,San Pietro Vernotico,30,140
074016,San Pietro Vernotico,31,137
074016,San Pietro Vernotico,32,148
074016,San Pietro Vernotico,33,157
074016,San Pietro Vernotico,34,144
074016,San Pietro Vernotico,35,138
074016,San Pietro Vernotico,36,127
074016,San Pietro Vernotico,37,128
074016,San Pietro Vernotico,38,156
074016,San Pietro Vernotico,39,140
074016,San Pietro Vernotico,40,159
074016,San Pietro Vernotico,41,170
074016,San Pietro Vernotico,42,184
074016,San Pietro Vernotico,43,176
074016,San Pietro Vernotico,44,160
074016,San Pietro Vernotico,45,157
074016,San Pietro Vernotico,46,172
074016,San Pietro Vernotico,47,197
074016,San Pietro Vernotico,48,174
074016,San Pietro Vernotico,49,172
074016,San Pietro Vernotico,50,183
074016,San Pietro Vernotico,51,206
074016,San Pietro Vernotico,52,214
074016,San Pietro Vernotico,53,180
074016,San Pietro Vernotico,54,232
074016,San Pietro Vernotico,55,201
074016,San Pietro Vernotico,56,205
074016,San Pietro Vernotico,57,219
074016,San Pietro Vernotico,58,202
074016,San Pietro Vernotico,59,203
074016,San Pietro Vernotico,60,176
074016,San Pietro Vernotico,61,209
074016,San Pietro Vernotico,62,175
074016,San Pietro Vernotico,63,169
074016,San Pietro Vernotico,64,162
074016,San Pietro Vernotico,65,171
075072,Santa Cesarea Terme,18,26
075072,Santa Cesarea Terme,19,26
075072,Santa Cesarea Terme,20,26
075072,Santa Cesarea Terme,21,22
075072,Santa Cesarea Terme,22,31
075072,Santa Cesarea Terme,23,27
075072,Santa Cesarea Terme,24,30
075072,Santa Cesarea Terme,25,32
075072,Santa Cesarea Terme,26,30
075072,Santa Cesarea Terme,27,17
075072,Santa Cesarea Terme,28,35
075072,Santa Cesarea Terme,29,28
075072,Santa Cesarea Terme,30,34
075072,Santa Cesarea Terme,31,24
075072,Santa Cesarea Terme,32,20
075072,Santa Cesarea Terme,33,30
075072,Santa Cesarea Terme,34,23
075072,Santa Cesarea Terme,35,26
075072,Santa Cesarea Terme,36,16
075072,Santa Cesarea Terme,37,33
075072,Santa Cesarea Terme,38,23
075072,Santa Cesarea Terme,39,29
075072,Santa Cesarea Terme,40,42
075072,Santa Cesarea Terme,41,31
075072,Santa Cesarea Terme,42,28
075072,Santa Cesarea Terme,43,31
075072,Santa Cesarea Terme,44,37
075072,Santa Cesarea Terme,45,43
075072,Santa Cesarea Terme,46,39
075072,Santa Cesarea Terme,47,41
075072,Santa Cesarea Terme,48,55
075072,Santa Cesarea Terme,49,38
075072,Santa Cesarea Terme,50,49
075072,Santa Cesarea Terme,51,32
075072,Santa Cesarea Terme,52,43
075072,Santa Cesarea Terme,53,48
075072,Santa Cesarea Terme,54,46
075072,Santa Cesarea Terme,55,49
075072,Santa Cesarea Terme,56,42
075072,Santa Cesarea Terme,57,41
075072,Santa Cesarea Terme,58,47
075072,Santa Cesarea Terme,59,40
075072,Santa Cesarea Terme,60,35
075072,Santa Cesarea Terme,61,40
075072,Santa Cesarea Terme,62,31
075072,Santa Cesarea Terme,63,40
075072,Santa Cesarea Terme,64,40
075072,Santa Cesarea Terme,65,48
074017,San Vito dei Normanni,18,179
074017,San Vito dei Normanni,19,151
074017,San Vito dei Normanni,20,181
074017,San Vito dei Normanni,21,171
074017,San Vito dei Normanni,22,178
074017,San Vito dei Normanni,23,170
074017,San Vito dei Normanni,24,197
074017,San Vito dei Normanni,25,201
074017,San Vito dei Normanni,26,183
074017,San Vito dei Normanni,27,165
074017,San Vito dei Normanni,28,170
074017,San Vito dei Normanni,29,191
074017,San Vito dei Normanni,30,180
074017,San Vito dei Normanni,31,153
074017,San Vito dei Normanni,32,172
074017,San Vito dei Normanni,33,192
074017,San Vito dei Normanni,34,189
074017,San Vito dei Normanni,35,180
074017,San Vito dei Normanni,36,183
074017,San Vito dei Normanni,37,194
074017,San Vito dei Normanni,38,192
074017,San Vito dei Normanni,39,216
074017,San Vito dei Normanni,40,250
074017,San Vito dei Normanni,41,193
074017,San Vito dei Normanni,42,242
074017,San Vito dei Normanni,43,241
074017,San Vito dei Normanni,44,265
074017,San Vito dei Normanni,45,272
074017,San Vito dei Normanni,46,282
074017,San Vito dei Normanni,47,276
074017,San Vito dei Normanni,48,282
074017,San Vito dei Normanni,49,283
074017,San Vito dei Normanni,50,265
074017,San Vito dei Normanni,51,288
074017,San Vito dei Normanni,52,264
074017,San Vito dei Normanni,53,265
074017,San Vito dei Normanni,54,292
074017,San Vito dei Normanni,55,329
074017,San Vito dei Normanni,56,262
074017,San Vito dei Normanni,57,278
074017,San Vito dei Normanni,58,320
074017,San Vito dei Normanni,59,313
074017,San Vito dei Normanni,60,277
074017,San Vito dei Normanni,61,287
074017,San Vito dei Normanni,62,242
074017,San Vito dei Normanni,63,268
074017,San Vito dei Normanni,64,263
074017,San Vito dei Normanni,65,261
073026,Sava,18,173
073026,Sava,19,154
073026,Sava,20,159
073026,Sava,21,160
073026,Sava,22,151
073026,Sava,23,147
073026,Sava,24,142
073026,Sava,25,146
073026,Sava,26,182
073026,Sava,27,158
073026,Sava,28,141
073026,Sava,29,148
073026,Sava,30,147
073026,Sava,31,140
073026,Sava,32,158
073026,Sava,33,163
073026,Sava,34,165
073026,Sava,35,185
073026,Sava,36,146
073026,Sava,37,174
073026,Sava,38,192
073026,Sava,39,177
073026,Sava,40,181
073026,Sava,41,199
073026,Sava,42,207
073026,Sava,43,236
073026,Sava,44,225
073026,Sava,45,241
073026,Sava,46,241
073026,Sava,47,230
073026,Sava,48,235
073026,Sava,49,249
073026,Sava,50,216
073026,Sava,51,207
073026,Sava,52,212
073026,Sava,53,224
073026,Sava,54,223
073026,Sava,55,247
073026,Sava,56,221
073026,Sava,57,243
073026,Sava,58,209
073026,Sava,59,214
073026,Sava,60,206
073026,Sava,61,201
073026,Sava,62,234
073026,Sava,63,228
073026,Sava,64,202
073026,Sava,65,213
075073,Scorrano,18,75
075073,Scorrano,19,68
075073,Scorrano,20,64
075073,Scorrano,21,68
075073,Scorrano,22,48
075073,Scorrano,23,51
075073,Scorrano,24,79
075073,Scorrano,25,59
075073,Scorrano,26,74
075073,Scorrano,27,59
075073,Scorrano,28,67
075073,Scorrano,29,77
075073,Scorrano,30,69
075073,Scorrano,31,70
075073,Scorrano,32,71
075073,Scorrano,33,74
075073,Scorrano,34,63
075073,Scorrano,35,80
075073,Scorrano,36,84
075073,Scorrano,37,65
075073,Scorrano,38,82
075073,Scorrano,39,78
075073,Scorrano,40,62
075073,Scorrano,41,97
075073,Scorrano,42,92
075073,Scorrano,43,96
075073,Scorrano,44,94
075073,Scorrano,45,97
075073,Scorrano,46,92
075073,Scorrano,47,97
075073,Scorrano,48,107
075073,Scorrano,49,98
075073,Scorrano,50,123
075073,Scorrano,51,89
075073,Scorrano,52,105
075073,Scorrano,53,104
075073,Scorrano,54,98
075073,Scorrano,55,102
075073,Scorrano,56,96
075073,Scorrano,57,115
075073,Scorrano,58,119
075073,Scorrano,59,123
075073,Scorrano,60,96
075073,Scorrano,61,114
075073,Scorrano,62,102
075073,Scorrano,63,95
075073,Scorrano,64,88
075073,Scorrano,65,86
075074,Seclì,18,19
075074,Seclì,19,20
075074,Seclì,20,21
075074,Seclì,21,26
075074,Seclì,22,18
075074,Seclì,23,23
075074,Seclì,24,22
075074,Seclì,25,22
075074,Seclì,26,26
075074,Seclì,27,25
075074,Seclì,28,27
075074,Seclì,29,21
075074,Seclì,30,18
075074,Seclì,31,17
075074,Seclì,32,20
075074,Seclì,33,19
075074,Seclì,34,14
075074,Seclì,35,18
075074,Seclì,36,15
075074,Seclì,37,18
075074,Seclì,38,16
075074,Seclì,39,26
075074,Seclì,40,16
075074,Seclì,41,16
075074,Seclì,42,23
075074,Seclì,43,23
075074,Seclì,44,27
075074,Seclì,45,26
075074,Seclì,46,30
075074,Seclì,47,27
075074,Seclì,48,23
075074,Seclì,49,26
075074,Seclì,50,24
075074,Seclì,51,33
075074,Seclì,52,25
075074,Seclì,53,38
075074,Seclì,54,37
075074,Seclì,55,38
075074,Seclì,56,30
075074,Seclì,57,24
075074,Seclì,58,25
075074,Seclì,59,32
075074,Seclì,60,31
075074,Seclì,61,33
075074,Seclì,62,19
075074,Seclì,63,23
075074,Seclì,64,22
075074,Seclì,65,31
075075,Sogliano Cavour,18,36
075075,Sogliano Cavour,19,36
075075,Sogliano Cavour,20,24
075075,Sogliano Cavour,21,48
075075,Sogliano Cavour,22,34
075075,Sogliano Cavour,23,45
075075,Sogliano Cavour,24,35
075075,Sogliano Cavour,25,35
075075,Sogliano Cavour,26,39
075075,Sogliano Cavour,27,39
075075,Sogliano Cavour,28,38
075075,Sogliano Cavour,29,55
075075,Sogliano Cavour,30,37
075075,Sogliano Cavour,31,52
075075,Sogliano Cavour,32,29
075075,Sogliano Cavour,33,45
075075,Sogliano Cavour,34,40
075075,Sogliano Cavour,35,43
075075,Sogliano Cavour,36,41
075075,Sogliano Cavour,37,35
075075,Sogliano Cavour,38,44
075075,Sogliano Cavour,39,39
075075,Sogliano Cavour,40,59
075075,Sogliano Cavour,41,46
075075,Sogliano Cavour,42,58
075075,Sogliano Cavour,43,57
075075,Sogliano Cavour,44,63
075075,Sogliano Cavour,45,53
075075,Sogliano Cavour,46,67
075075,Sogliano Cavour,47,58
075075,Sogliano Cavour,48,63
075075,Sogliano Cavour,49,47
075075,Sogliano Cavour,50,54
075075,Sogliano Cavour,51,50
075075,Sogliano Cavour,52,60
075075,Sogliano Cavour,53,67
075075,Sogliano Cavour,54,51
075075,Sogliano Cavour,55,79
075075,Sogliano Cavour,56,62
075075,Sogliano Cavour,57,65
075075,Sogliano Cavour,58,55
075075,Sogliano Cavour,59,54
075075,Sogliano Cavour,60,47
075075,Sogliano Cavour,61,54
075075,Sogliano Cavour,62,52
075075,Sogliano Cavour,63,53
075075,Sogliano Cavour,64,50
075075,Sogliano Cavour,65,47
075076,Soleto,18,59
075076,Soleto,19,52
075076,Soleto,20,49
075076,Soleto,21,56
075076,Soleto,22,59
075076,Soleto,23,47
075076,Soleto,24,61
075076,Soleto,25,49
075076,Soleto,26,69
075076,Soleto,27,57
075076,Soleto,28,52
075076,Soleto,29,60
075076,Soleto,30,61
075076,Soleto,31,52
075076,Soleto,32,50
075076,Soleto,33,54
075076,Soleto,34,63
075076,Soleto,35,42
075076,Soleto,36,42
075076,Soleto,37,61
075076,Soleto,38,43
075076,Soleto,39,59
075076,Soleto,40,57
075076,Soleto,41,59
075076,Soleto,42,66
075076,Soleto,43,73
075076,Soleto,44,71
075076,Soleto,45,70
075076,Soleto,46,78
075076,Soleto,47,79
075076,Soleto,48,73
075076,Soleto,49,81
075076,Soleto,50,64
075076,Soleto,51,83
075076,Soleto,52,72
075076,Soleto,53,88
075076,Soleto,54,96
075076,Soleto,55,70
075076,Soleto,56,94
075076,Soleto,57,101
075076,Soleto,58,93
075076,Soleto,59,88
075076,Soleto,60,82
075076,Soleto,61,77
075076,Soleto,62,83
075076,Soleto,63,73
075076,Soleto,64,73
075076,Soleto,65,67
075077,Specchia,18,39
075077,Specchia,19,38
075077,Specchia,20,71
075077,Specchia,21,64
075077,Specchia,22,39
075077,Specchia,23,49
075077,Specchia,24,51
075077,Specchia,25,29
075077,Specchia,26,60
075077,Specchia,27,52
075077,Specchia,28,53
075077,Specchia,29,42
075077,Specchia,30,58
075077,Specchia,31,48
075077,Specchia,32,48
075077,Specchia,33,64
075077,Specchia,34,45
075077,Specchia,35,50
075077,Specchia,36,47
075077,Specchia,37,55
075077,Specchia,38,55
075077,Specchia,39,49
075077,Specchia,40,53
075077,Specchia,41,63
075077,Specchia,42,66
075077,Specchia,43,48
075077,Specchia,44,63
075077,Specchia,45,65
075077,Specchia,46,61
075077,Specchia,47,73
075077,Specchia,48,73
075077,Specchia,49,65
075077,Specchia,50,55
075077,Specchia,51,54
075077,Specchia,52,72
075077,Specchia,53,56
075077,Specchia,54,43
075077,Specchia,55,68
075077,Specchia,56,44
075077,Specchia,57,71
075077,Specchia,58,68
075077,Specchia,59,68
075077,Specchia,60,74
075077,Specchia,61,75
075077,Specchia,62,78
075077,Specchia,63,84
075077,Specchia,64,74
075077,Specchia,65,73
075078,Spongano,18,43
075078,Spongano,19,45
075078,Spongano,20,36
075078,Spongano,21,31
075078,Spongano,22,41
075078,Spongano,23,31
075078,Spongano,24,35
075078,Spongano,25,37
075078,Spongano,26,44
075078,Spongano,27,38
075078,Spongano,28,36
075078,Spongano,29,32
075078,Spongano,30,41
075078,Spongano,31,40
075078,Spongano,32,37
075078,Spongano,33,42
075078,Spongano,34,38
075078,Spongano,35,39
075078,Spongano,36,33
075078,Spongano,37,27
075078,Spongano,38,39
075078,Spongano,39,33
075078,Spongano,40,40
075078,Spongano,41,42
075078,Spongano,42,37
075078,Spongano,43,40
075078,Spongano,44,30
075078,Spongano,45,35
075078,Spongano,46,36
075078,Spongano,47,59
075078,Spongano,48,37
075078,Spongano,49,50
075078,Spongano,50,49
075078,Spongano,51,39
075078,Spongano,52,55
075078,Spongano,53,52
075078,Spongano,54,59
075078,Spongano,55,47
075078,Spongano,56,60
075078,Spongano,57,62
075078,Spongano,58,57
075078,Spongano,59,58
075078,Spongano,60,63
075078,Spongano,61,59
075078,Spongano,62,47
075078,Spongano,63,58
075078,Spongano,64,45
075078,Spongano,65,47
075079,Squinzano,18,148
075079,Squinzano,19,110
075079,Squinzano,20,113
075079,Squinzano,21,133
075079,Squinzano,22,143
075079,Squinzano,23,119
075079,Squinzano,24,149
075079,Squinzano,25,123
075079,Squinzano,26,115
075079,Squinzano,27,128
075079,Squinzano,28,137
075079,Squinzano,29,148
075079,Squinzano,30,159
075079,Squinzano,31,111
075079,Squinzano,32,127
075079,Squinzano,33,133
075079,Squinzano,34,134
075079,Squinzano,35,136
075079,Squinzano,36,129
075079,Squinzano,37,154
075079,Squinzano,38,164
075079,Squinzano,39,157
075079,Squinzano,40,159
075079,Squinzano,41,147
075079,Squinzano,42,147
075079,Squinzano,43,199
075079,Squinzano,44,200
075079,Squinzano,45,189
075079,Squinzano,46,187
075079,Squinzano,47,183
075079,Squinzano,48,223
075079,Squinzano,49,197
075079,Squinzano,50,216
075079,Squinzano,51,186
075079,Squinzano,52,193
075079,Squinzano,53,186
075079,Squinzano,54,201
075079,Squinzano,55,228
075079,Squinzano,56,233
075079,Squinzano,57,210
075079,Squinzano,58,244
075079,Squinzano,59,194
075079,Squinzano,60,198
075079,Squinzano,61,201
075079,Squinzano,62,194
075079,Squinzano,63,172
075079,Squinzano,64,169
075079,Squinzano,65,174
073029,Statte,18,148
073029,Statte,19,150
073029,Statte,20,150
073029,Statte,21,163
073029,Statte,22,120
073029,Statte,23,132
073029,Statte,24,137
073029,Statte,25,123
073029,Statte,26,124
073029,Statte,27,127
073029,Statte,28,143
073029,Statte,29,142
073029,Statte,30,116
073029,Statte,31,104
073029,Statte,32,122
073029,Statte,33,130
073029,Statte,34,124
073029,Statte,35,123
073029,Statte,36,122
073029,Statte,37,112
073029,Statte,38,151
073029,Statte,39,133
073029,Statte,40,127
073029,Statte,41,175
073029,Statte,42,176
073029,Statte,43,172
073029,Statte,44,224
073029,Statte,45,226
073029,Statte,46,211
073029,Statte,47,225
073029,Statte,48,225
073029,Statte,49,190
073029,Statte,50,233
073029,Statte,51,200
073029,Statte,52,190
073029,Statte,53,180
073029,Statte,54,183
073029,Statte,55,195
073029,Statte,56,182
073029,Statte,57,200
073029,Statte,58,180
073029,Statte,59,146
073029,Statte,60,169
073029,Statte,61,160
073029,Statte,62,168
073029,Statte,63,153
073029,Statte,64,147
073029,Statte,65,145
075080,Sternatia,18,17
075080,Sternatia,19,14
075080,Sternatia,20,15
075080,Sternatia,21,16
075080,Sternatia,22,17
075080,Sternatia,23,21
075080,Sternatia,24,19
075080,Sternatia,25,20
075080,Sternatia,26,20
075080,Sternatia,27,8
075080,Sternatia,28,22
075080,Sternatia,29,16
075080,Sternatia,30,17
075080,Sternatia,31,26
075080,Sternatia,32,19
075080,Sternatia,33,21
075080,Sternatia,34,15
075080,Sternatia,35,22
075080,Sternatia,36,22
075080,Sternatia,37,25
075080,Sternatia,38,28
075080,Sternatia,39,27
075080,Sternatia,40,26
075080,Sternatia,41,24
075080,Sternatia,42,22
075080,Sternatia,43,37
075080,Sternatia,44,33
075080,Sternatia,45,23
075080,Sternatia,46,28
075080,Sternatia,47,31
075080,Sternatia,48,22
075080,Sternatia,49,33
075080,Sternatia,50,29
075080,Sternatia,51,34
075080,Sternatia,52,27
075080,Sternatia,53,28
075080,Sternatia,54,31
075080,Sternatia,55,33
075080,Sternatia,56,30
075080,Sternatia,57,28
075080,Sternatia,58,31
075080,Sternatia,59,20
075080,Sternatia,60,39
075080,Sternatia,61,39
075080,Sternatia,62,44
075080,Sternatia,63,29
075080,Sternatia,64,33
075080,Sternatia,65,29
075081,Supersano,18,53
075081,Supersano,19,43
075081,Supersano,20,48
075081,Supersano,21,51
075081,Supersano,22,36
075081,Supersano,23,46
075081,Supersano,24,44
075081,Supersano,25,42
075081,Supersano,26,44
075081,Supersano,27,51
075081,Supersano,28,32
075081,Supersano,29,33
075081,Supersano,30,51
075081,Supersano,31,37
075081,Supersano,32,45
075081,Supersano,33,41
075081,Supersano,34,41
075081,Supersano,35,44
075081,Supersano,36,48
075081,Supersano,37,44
075081,Supersano,38,52
075081,Supersano,39,54
075081,Supersano,40,53
075081,Supersano,41,46
075081,Supersano,42,51
075081,Supersano,43,56
075081,Supersano,44,63
075081,Supersano,45,61
075081,Supersano,46,72
075081,Supersano,47,58
075081,Supersano,48,63
075081,Supersano,49,67
075081,Supersano,50,56
075081,Supersano,51,63
075081,Supersano,52,60
075081,Supersano,53,63
075081,Supersano,54,67
075081,Supersano,55,60
075081,Supersano,56,48
075081,Supersano,57,64
075081,Supersano,58,76
075081,Supersano,59,59
075081,Supersano,60,45
075081,Supersano,61,62
075081,Supersano,62,64
075081,Supersano,63,46
075081,Supersano,64,49
075081,Supersano,65,55
075082,Surano,18,14
075082,Surano,19,8
075082,Surano,20,15
075082,Surano,21,15
075082,Surano,22,11
075082,Surano,23,18
075082,Surano,24,12
075082,Surano,25,15
075082,Surano,26,11
075082,Surano,27,22
075082,Surano,28,23
075082,Surano,29,15
075082,Surano,30,20
075082,Surano,31,14
075082,Surano,32,18
075082,Surano,33,23
075082,Surano,34,15
075082,Surano,35,16
075082,Surano,36,16
075082,Surano,37,16
075082,Surano,38,14
075082,Surano,39,14
075082,Surano,40,17
075082,Surano,41,17
075082,Surano,42,17
075082,Surano,43,15
075082,Surano,44,20
075082,Surano,45,20
075082,Surano,46,16
075082,Surano,47,21
075082,Surano,48,27
075082,Surano,49,21
075082,Surano,50,26
075082,Surano,51,22
075082,Surano,52,24
075082,Surano,53,21
075082,Surano,54,34
075082,Surano,55,18
075082,Surano,56,23
075082,Surano,57,32
075082,Surano,58,22
075082,Surano,59,30
075082,Surano,60,28
075082,Surano,61,22
075082,Surano,62,22
075082,Surano,63,17
075082,Surano,64,19
075082,Surano,65,23
075083,Surbo,18,164
075083,Surbo,19,158
075083,Surbo,20,163
075083,Surbo,21,165
075083,Surbo,22,177
075083,Surbo,23,154
075083,Surbo,24,155
075083,Surbo,25,157
075083,Surbo,26,147
075083,Surbo,27,166
075083,Surbo,28,139
075083,Surbo,29,148
075083,Surbo,30,151
075083,Surbo,31,157
075083,Surbo,32,150
075083,Surbo,33,170
075083,Surbo,34,145
075083,Surbo,35,188
075083,Surbo,36,147
075083,Surbo,37,164
075083,Surbo,38,191
075083,Surbo,39,181
075083,Surbo,40,190
075083,Surbo,41,199
075083,Surbo,42,210
075083,Surbo,43,242
075083,Surbo,44,238
075083,Surbo,45,226
075083,Surbo,46,312
075083,Surbo,47,231
075083,Surbo,48,245
075083,Surbo,49,253
075083,Surbo,50,272
075083,Surbo,51,276
075083,Surbo,52,251
075083,Surbo,53,262
075083,Surbo,54,237
075083,Surbo,55,247
075083,Surbo,56,276
075083,Surbo,57,235
075083,Surbo,58,213
075083,Surbo,59,212
075083,Surbo,60,220
075083,Surbo,61,201
075083,Surbo,62,202
075083,Surbo,63,172
075083,Surbo,64,152
075083,Surbo,65,157
073027,Taranto,18,1917
073027,Taranto,19,2000
073027,Taranto,20,1935
073027,Taranto,21,1953
073027,Taranto,22,2045
073027,Taranto,23,2021
073027,Taranto,24,1940
073027,Taranto,25,1796
073027,Taranto,26,1839
073027,Taranto,27,1802
073027,Taranto,28,1863
073027,Taranto,29,1924
073027,Taranto,30,1953
073027,Taranto,31,1915
073027,Taranto,32,1910
073027,Taranto,33,1905
073027,Taranto,34,1995
073027,Taranto,35,1925
073027,Taranto,36,1986
073027,Taranto,37,2014
073027,Taranto,38,2005
073027,Taranto,39,2066
073027,Taranto,40,2093
073027,Taranto,41,2144
073027,Taranto,42,2275
073027,Taranto,43,2391
073027,Taranto,44,2410
073027,Taranto,45,2539
073027,Taranto,46,2734
073027,Taranto,47,2866
073027,Taranto,48,2977
073027,Taranto,49,2827
073027,Taranto,50,2839
073027,Taranto,51,2869
073027,Taranto,52,2845
073027,Taranto,53,2974
073027,Taranto,54,3018
073027,Taranto,55,2954
073027,Taranto,56,3089
073027,Taranto,57,3085
073027,Taranto,58,3112
073027,Taranto,59,2903
073027,Taranto,60,2909
073027,Taranto,61,2940
073027,Taranto,62,2791
073027,Taranto,63,2738
073027,Taranto,64,2582
073027,Taranto,65,2643
075084,Taurisano,18,154
075084,Taurisano,19,145
075084,Taurisano,20,144
075084,Taurisano,21,152
075084,Taurisano,22,151
075084,Taurisano,23,131
075084,Taurisano,24,123
075084,Taurisano,25,116
075084,Taurisano,26,122
075084,Taurisano,27,138
075084,Taurisano,28,147
075084,Taurisano,29,131
075084,Taurisano,30,117
075084,Taurisano,31,141
075084,Taurisano,32,118
075084,Taurisano,33,117
075084,Taurisano,34,138
075084,Taurisano,35,102
075084,Taurisano,36,140
075084,Taurisano,37,122
075084,Taurisano,38,127
075084,Taurisano,39,140
075084,Taurisano,40,119
075084,Taurisano,41,131
075084,Taurisano,42,141
075084,Taurisano,43,167
075084,Taurisano,44,151
075084,Taurisano,45,156
075084,Taurisano,46,191
075084,Taurisano,47,162
075084,Taurisano,48,171
075084,Taurisano,49,168
075084,Taurisano,50,158
075084,Taurisano,51,151
075084,Taurisano,52,178
075084,Taurisano,53,145
075084,Taurisano,54,159
075084,Taurisano,55,166
075084,Taurisano,56,181
075084,Taurisano,57,177
075084,Taurisano,58,180
075084,Taurisano,59,207
075084,Taurisano,60,165
075084,Taurisano,61,183
075084,Taurisano,62,145
075084,Taurisano,63,154
075084,Taurisano,64,126
075084,Taurisano,65,147
075085,Taviano,18,130
075085,Taviano,19,126
075085,Taviano,20,130
075085,Taviano,21,122
075085,Taviano,22,127
075085,Taviano,23,116
075085,Taviano,24,133
075085,Taviano,25,140
075085,Taviano,26,122
075085,Taviano,27,119
075085,Taviano,28,112
075085,Taviano,29,138
075085,Taviano,30,131
075085,Taviano,31,125
075085,Taviano,32,113
075085,Taviano,33,118
075085,Taviano,34,136
075085,Taviano,35,112
075085,Taviano,36,87
075085,Taviano,37,111
075085,Taviano,38,105
075085,Taviano,39,119
075085,Taviano,40,143
075085,Taviano,41,116
075085,Taviano,42,131
075085,Taviano,43,148
075085,Taviano,44,145
075085,Taviano,45,167
075085,Taviano,46,180
075085,Taviano,47,158
075085,Taviano,48,188
075085,Taviano,49,211
075085,Taviano,50,185
075085,Taviano,51,209
075085,Taviano,52,174
075085,Taviano,53,188
075085,Taviano,54,184
075085,Taviano,55,175
075085,Taviano,56,195
075085,Taviano,57,198
075085,Taviano,58,171
075085,Taviano,59,139
075085,Taviano,60,172
075085,Taviano,61,147
075085,Taviano,62,147
075085,Taviano,63,133
075085,Taviano,64,136
075085,Taviano,65,123
075086,Tiggiano,18,33
075086,Tiggiano,19,27
075086,Tiggiano,20,32
075086,Tiggiano,21,29
075086,Tiggiano,22,34
075086,Tiggiano,23,32
075086,Tiggiano,24,33
075086,Tiggiano,25,32
075086,Tiggiano,26,36
075086,Tiggiano,27,30
075086,Tiggiano,28,27
075086,Tiggiano,29,34
075086,Tiggiano,30,34
075086,Tiggiano,31,36
075086,Tiggiano,32,48
075086,Tiggiano,33,37
075086,Tiggiano,34,41
075086,Tiggiano,35,27
075086,Tiggiano,36,31
075086,Tiggiano,37,32
075086,Tiggiano,38,34
075086,Tiggiano,39,32
075086,Tiggiano,40,28
075086,Tiggiano,41,28
075086,Tiggiano,42,30
075086,Tiggiano,43,27
075086,Tiggiano,44,37
075086,Tiggiano,45,45
075086,Tiggiano,46,40
075086,Tiggiano,47,34
075086,Tiggiano,48,41
075086,Tiggiano,49,43
075086,Tiggiano,50,37
075086,Tiggiano,51,42
075086,Tiggiano,52,31
075086,Tiggiano,53,46
075086,Tiggiano,54,37
075086,Tiggiano,55,56
075086,Tiggiano,56,44
075086,Tiggiano,57,48
075086,Tiggiano,58,41
075086,Tiggiano,59,44
075086,Tiggiano,60,41
075086,Tiggiano,61,44
075086,Tiggiano,62,37
075086,Tiggiano,63,33
075086,Tiggiano,64,33
075086,Tiggiano,65,46
074018,Torchiarolo,18,59
074018,Torchiarolo,19,52
074018,Torchiarolo,20,58
074018,Torchiarolo,21,47
074018,Torchiarolo,22,63
074018,Torchiarolo,23,55
074018,Torchiarolo,24,49
074018,Torchiarolo,25,54
074018,Torchiarolo,26,46
074018,Torchiarolo,27,59
074018,Torchiarolo,28,68
074018,Torchiarolo,29,57
074018,Torchiarolo,30,65
074018,Torchiarolo,31,51
074018,Torchiarolo,32,56
074018,Torchiarolo,33,57
074018,Torchiarolo,34,54
074018,Torchiarolo,35,63
074018,Torchiarolo,36,67
074018,Torchiarolo,37,70
074018,Torchiarolo,38,60
074018,Torchiarolo,39,59
074018,Torchiarolo,40,59
074018,Torchiarolo,41,58
074018,Torchiarolo,42,63
074018,Torchiarolo,43,85
074018,Torchiarolo,44,81
074018,Torchiarolo,45,80
074018,Torchiarolo,46,87
074018,Torchiarolo,47,70
074018,Torchiarolo,48,73
074018,Torchiarolo,49,58
074018,Torchiarolo,50,78
074018,Torchiarolo,51,89
074018,Torchiarolo,52,64
074018,Torchiarolo,53,73
074018,Torchiarolo,54,78
074018,Torchiarolo,55,92
074018,Torchiarolo,56,82
074018,Torchiarolo,57,66
074018,Torchiarolo,58,67
074018,Torchiarolo,59,95
074018,Torchiarolo,60,86
074018,Torchiarolo,61,91
074018,Torchiarolo,62,87
074018,Torchiarolo,63,70
074018,Torchiarolo,64,61
074018,Torchiarolo,65,72
074019,Torre Santa Susanna,18,115
074019,Torre Santa Susanna,19,109
074019,Torre Santa Susanna,20,116
074019,Torre Santa Susanna,21,92
074019,Torre Santa Susanna,22,95
074019,Torre Santa Susanna,23,96
074019,Torre Santa Susanna,24,96
074019,Torre Santa Susanna,25,120
074019,Torre Santa Susanna,26,111
074019,Torre Santa Susanna,27,89
074019,Torre Santa Susanna,28,110
074019,Torre Santa Susanna,29,117
074019,Torre Santa Susanna,30,116
074019,Torre Santa Susanna,31,121
074019,Torre Santa Susanna,32,135
074019,Torre Santa Susanna,33,146
074019,Torre Santa Susanna,34,120
074019,Torre Santa Susanna,35,139
074019,Torre Santa Susanna,36,128
074019,Torre Santa Susanna,37,120
074019,Torre Santa Susanna,38,134
074019,Torre Santa Susanna,39,126
074019,Torre Santa Susanna,40,142
074019,Torre Santa Susanna,41,139
074019,Torre Santa Susanna,42,144
074019,Torre Santa Susanna,43,136
074019,Torre Santa Susanna,44,141
074019,Torre Santa Susanna,45,170
074019,Torre Santa Susanna,46,151
074019,Torre Santa Susanna,47,125
074019,Torre Santa Susanna,48,175
074019,Torre Santa Susanna,49,144
074019,Torre Santa Susanna,50,146
074019,Torre Santa Susanna,51,141
074019,Torre Santa Susanna,52,120
074019,Torre Santa Susanna,53,163
074019,Torre Santa Susanna,54,140
074019,Torre Santa Susanna,55,112
074019,Torre Santa Susanna,56,150
074019,Torre Santa Susanna,57,157
074019,Torre Santa Susanna,58,174
074019,Torre Santa Susanna,59,162
074019,Torre Santa Susanna,60,168
074019,Torre Santa Susanna,61,168
074019,Torre Santa Susanna,62,152
074019,Torre Santa Susanna,63,132
074019,Torre Santa Susanna,64,129
074019,Torre Santa Susanna,65,106
073028,Torricella,18,37
073028,Torricella,19,42
073028,Torricella,20,39
073028,Torricella,21,37
073028,Torricella,22,46
073028,Torricella,23,46
073028,Torricella,24,44
073028,Torricella,25,54
073028,Torricella,26,43
073028,Torricella,27,42
073028,Torricella,28,61
073028,Torricella,29,39
073028,Torricella,30,50
073028,Torricella,31,34
073028,Torricella,32,35
073028,Torricella,33,46
073028,Torricella,34,47
073028,Torricella,35,41
073028,Torricella,36,57
073028,Torricella,37,52
073028,Torricella,38,52
073028,Torricella,39,39
073028,Torricella,40,44
073028,Torricella,41,62
073028,Torricella,42,42
073028,Torricella,43,51
073028,Torricella,44,71
073028,Torricella,45,49
073028,Torricella,46,69
073028,Torricella,47,63
073028,Torricella,48,74
073028,Torricella,49,64
073028,Torricella,50,54
073028,Torricella,51,65
073028,Torricella,52,72
073028,Torricella,53,62
073028,Torricella,54,64
073028,Torricella,55,77
073028,Torricella,56,62
073028,Torricella,57,61
073028,Torricella,58,63
073028,Torricella,59,45
073028,Torricella,60,65
073028,Torricella,61,62
073028,Torricella,62,49
073028,Torricella,63,53
073028,Torricella,64,62
073028,Torricella,65,47
075087,Trepuzzi,18,124
075087,Trepuzzi,19,138
075087,Trepuzzi,20,127
075087,Trepuzzi,21,143
075087,Trepuzzi,22,128
075087,Trepuzzi,23,147
075087,Trepuzzi,24,141
075087,Trepuzzi,25,140
075087,Trepuzzi,26,115
075087,Trepuzzi,27,131
075087,Trepuzzi,28,137
075087,Trepuzzi,29,139
075087,Trepuzzi,30,161
075087,Trepuzzi,31,154
075087,Trepuzzi,32,153
075087,Trepuzzi,33,135
075087,Trepuzzi,34,154
075087,Trepuzzi,35,147
075087,Trepuzzi,36,149
075087,Trepuzzi,37,149
075087,Trepuzzi,38,131
075087,Trepuzzi,39,154
075087,Trepuzzi,40,160
075087,Trepuzzi,41,167
075087,Trepuzzi,42,159
075087,Trepuzzi,43,183
075087,Trepuzzi,44,205
075087,Trepuzzi,45,228
075087,Trepuzzi,46,225
075087,Trepuzzi,47,237
075087,Trepuzzi,48,223
075087,Trepuzzi,49,223
075087,Trepuzzi,50,211
075087,Trepuzzi,51,207
075087,Trepuzzi,52,190
075087,Trepuzzi,53,199
075087,Trepuzzi,54,237
075087,Trepuzzi,55,220
075087,Trepuzzi,56,229
075087,Trepuzzi,57,232
075087,Trepuzzi,58,231
075087,Trepuzzi,59,221
075087,Trepuzzi,60,176
075087,Trepuzzi,61,220
075087,Trepuzzi,62,201
075087,Trepuzzi,63,195
075087,Trepuzzi,64,166
075087,Trepuzzi,65,209
075088,Tricase,18,179
075088,Tricase,19,169
075088,Tricase,20,185
075088,Tricase,21,212
075088,Tricase,22,237
075088,Tricase,23,193
075088,Tricase,24,233
075088,Tricase,25,190
075088,Tricase,26,204
075088,Tricase,27,206
075088,Tricase,28,162
075088,Tricase,29,197
075088,Tricase,30,207
075088,Tricase,31,192
075088,Tricase,32,185
075088,Tricase,33,192
075088,Tricase,34,185
075088,Tricase,35,179
075088,Tricase,36,187
075088,Tricase,37,195
075088,Tricase,38,187
075088,Tricase,39,184
075088,Tricase,40,189
075088,Tricase,41,227
075088,Tricase,42,204
075088,Tricase,43,254
075088,Tricase,44,212
075088,Tricase,45,242
075088,Tricase,46,220
075088,Tricase,47,247
075088,Tricase,48,239
075088,Tricase,49,253
075088,Tricase,50,263
075088,Tricase,51,252
075088,Tricase,52,272
075088,Tricase,53,272
075088,Tricase,54,282
075088,Tricase,55,283
075088,Tricase,56,303
075088,Tricase,57,286
075088,Tricase,58,287
075088,Tricase,59,242
075088,Tricase,60,260
075088,Tricase,61,238
075088,Tricase,62,245
075088,Tricase,63,265
075088,Tricase,64,188
075088,Tricase,65,205
075089,Tuglie,18,47
075089,Tuglie,19,53
075089,Tuglie,20,51
075089,Tuglie,21,61
075089,Tuglie,22,44
075089,Tuglie,23,45
075089,Tuglie,24,55
075089,Tuglie,25,32
075089,Tuglie,26,44
075089,Tuglie,27,56
075089,Tuglie,28,44
075089,Tuglie,29,49
075089,Tuglie,30,47
075089,Tuglie,31,65
075089,Tuglie,32,46
075089,Tuglie,33,61
075089,Tuglie,34,56
075089,Tuglie,35,62
075089,Tuglie,36,40
075089,Tuglie,37,53
075089,Tuglie,38,54
075089,Tuglie,39,65
075089,Tuglie,40,81
075089,Tuglie,41,59
075089,Tuglie,42,71
075089,Tuglie,43,72
075089,Tuglie,44,64
075089,Tuglie,45,70
075089,Tuglie,46,80
075089,Tuglie,47,74
075089,Tuglie,48,84
075089,Tuglie,49,56
075089,Tuglie,50,79
075089,Tuglie,51,70
075089,Tuglie,52,62
075089,Tuglie,53,77
075089,Tuglie,54,87
075089,Tuglie,55,72
075089,Tuglie,56,83
075089,Tuglie,57,84
075089,Tuglie,58,88
075089,Tuglie,59,83
075089,Tuglie,60,70
075089,Tuglie,61,63
075089,Tuglie,62,83
075089,Tuglie,63,80
075089,Tuglie,64,53
075089,Tuglie,65,68
075090,Ugento,18,105
075090,Ugento,19,116
075090,Ugento,20,117
075090,Ugento,21,133
075090,Ugento,22,146
075090,Ugento,23,117
075090,Ugento,24,117
075090,Ugento,25,115
075090,Ugento,26,140
075090,Ugento,27,125
075090,Ugento,28,117
075090,Ugento,29,153
075090,Ugento,30,134
075090,Ugento,31,140
075090,Ugento,32,132
075090,Ugento,33,135
075090,Ugento,34,149
075090,Ugento,35,126
075090,Ugento,36,145
075090,Ugento,37,142
075090,Ugento,38,146
075090,Ugento,39,151
075090,Ugento,40,147
075090,Ugento,41,166
075090,Ugento,42,147
075090,Ugento,43,150
075090,Ugento,44,156
075090,Ugento,45,179
075090,Ugento,46,160
075090,Ugento,47,187
075090,Ugento,48,180
075090,Ugento,49,169
075090,Ugento,50,153
075090,Ugento,51,191
075090,Ugento,52,176
075090,Ugento,53,174
075090,Ugento,54,201
075090,Ugento,55,186
075090,Ugento,56,194
075090,Ugento,57,187
075090,Ugento,58,196
075090,Ugento,59,176
075090,Ugento,60,187
075090,Ugento,61,193
075090,Ugento,62,177
075090,Ugento,63,186
075090,Ugento,64,161
075090,Ugento,65,168
075091,Uggiano la Chiesa,18,45
075091,Uggiano la Chiesa,19,32
075091,Uggiano la Chiesa,20,39
075091,Uggiano la Chiesa,21,43
075091,Uggiano la Chiesa,22,43
075091,Uggiano la Chiesa,23,42
075091,Uggiano la Chiesa,24,49
075091,Uggiano la Chiesa,25,41
075091,Uggiano la Chiesa,26,37
075091,Uggiano la Chiesa,27,35
075091,Uggiano la Chiesa,28,46
075091,Uggiano la Chiesa,29,55
075091,Uggiano la Chiesa,30,55
075091,Uggiano la Chiesa,31,48
075091,Uggiano la Chiesa,32,43
075091,Uggiano la Chiesa,33,39
075091,Uggiano la Chiesa,34,42
075091,Uggiano la Chiesa,35,34
075091,Uggiano la Chiesa,36,41
075091,Uggiano la Chiesa,37,47
075091,Uggiano la Chiesa,38,48
075091,Uggiano la Chiesa,39,46
075091,Uggiano la Chiesa,40,38
075091,Uggiano la Chiesa,41,39
075091,Uggiano la Chiesa,42,47
075091,Uggiano la Chiesa,43,47
075091,Uggiano la Chiesa,44,52
075091,Uggiano la Chiesa,45,64
075091,Uggiano la Chiesa,46,55
075091,Uggiano la Chiesa,47,65
075091,Uggiano la Chiesa,48,64
075091,Uggiano la Chiesa,49,62
075091,Uggiano la Chiesa,50,73
075091,Uggiano la Chiesa,51,65
075091,Uggiano la Chiesa,52,64
075091,Uggiano la Chiesa,53,73
075091,Uggiano la Chiesa,54,69
075091,Uggiano la Chiesa,55,69
075091,Uggiano la Chiesa,56,68
075091,Uggiano la Chiesa,57,85
075091,Uggiano la Chiesa,58,79
075091,Uggiano la Chiesa,59,70
075091,Uggiano la Chiesa,60,68
075091,Uggiano la Chiesa,61,70
075091,Uggiano la Chiesa,62,68
075091,Uggiano la Chiesa,63,70
075091,Uggiano la Chiesa,64,36
075091,Uggiano la Chiesa,65,69
075092,Veglie,18,152
075092,Veglie,19,147
075092,Veglie,20,137
075092,Veglie,21,131
075092,Veglie,22,144
075092,Veglie,23,164
075092,Veglie,24,155
075092,Veglie,25,133
075092,Veglie,26,129
075092,Veglie,27,150
075092,Veglie,28,138
075092,Veglie,29,135
075092,Veglie,30,149
075092,Veglie,31,146
075092,Veglie,32,153
075092,Veglie,33,127
075092,Veglie,34,131
075092,Veglie,35,155
075092,Veglie,36,144
075092,Veglie,37,143
075092,Veglie,38,157
075092,Veglie,39,145
075092,Veglie,40,157
075092,Veglie,41,166
075092,Veglie,42,175
075092,Veglie,43,195
075092,Veglie,44,189
075092,Veglie,45,199
075092,Veglie,46,218
075092,Veglie,47,200
075092,Veglie,48,214
075092,Veglie,49,189
075092,Veglie,50,199
075092,Veglie,51,187
075092,Veglie,52,197
075092,Veglie,53,206
075092,Veglie,54,215
075092,Veglie,55,228
075092,Veglie,56,208
075092,Veglie,57,206
075092,Veglie,58,203
075092,Veglie,59,169
075092,Veglie,60,198
075092,Veglie,61,172
075092,Veglie,62,198
075092,Veglie,63,186
075092,Veglie,64,152
075092,Veglie,65,184
075093,Vernole,18,56
075093,Vernole,19,69
075093,Vernole,20,55
075093,Vernole,21,71
075093,Vernole,22,73
075093,Vernole,23,68
075093,Vernole,24,61
075093,Vernole,25,59
075093,Vernole,26,71
075093,Vernole,27,46
075093,Vernole,28,37
075093,Vernole,29,81
075093,Vernole,30,75
075093,Vernole,31,62
075093,Vernole,32,59
075093,Vernole,33,61
075093,Vernole,34,67
075093,Vernole,35,60
075093,Vernole,36,73
075093,Vernole,37,81
075093,Vernole,38,79
075093,Vernole,39,79
075093,Vernole,40,77
075093,Vernole,41,65
075093,Vernole,42,103
075093,Vernole,43,84
075093,Vernole,44,96
075093,Vernole,45,95
075093,Vernole,46,94
075093,Vernole,47,114
075093,Vernole,48,120
075093,Vernole,49,103
075093,Vernole,50,85
075093,Vernole,51,116
075093,Vernole,52,101
075093,Vernole,53,110
075093,Vernole,54,97
075093,Vernole,55,104
075093,Vernole,56,94
075093,Vernole,57,89
075093,Vernole,58,104
075093,Vernole,59,117
075093,Vernole,60,101
075093,Vernole,61,95
075093,Vernole,62,122
075093,Vernole,63,97
075093,Vernole,64,99
075093,Vernole,65,127
074020,Villa Castelli,18,113
074020,Villa Castelli,19,91
074020,Villa Castelli,20,98
074020,Villa Castelli,21,107
074020,Villa Castelli,22,97
074020,Villa Castelli,23,95
074020,Villa Castelli,24,77
074020,Villa Castelli,25,105
074020,Villa Castelli,26,103
074020,Villa Castelli,27,98
074020,Villa Castelli,28,109
074020,Villa Castelli,29,101
074020,Villa Castelli,30,114
074020,Villa Castelli,31,129
074020,Villa Castelli,32,104
074020,Villa Castelli,33,110
074020,Villa Castelli,34,125
074020,Villa Castelli,35,133
074020,Villa Castelli,36,115
074020,Villa Castelli,37,124
074020,Villa Castelli,38,114
074020,Villa Castelli,39,129
074020,Villa Castelli,40,139
074020,Villa Castelli,41,131
074020,Villa Castelli,42,141
074020,Villa Castelli,43,127
074020,Villa Castelli,44,134
074020,Villa Castelli,45,141
074020,Villa Castelli,46,133
074020,Villa Castelli,47,138
074020,Villa Castelli,48,124
074020,Villa Castelli,49,125
074020,Villa Castelli,50,133
074020,Villa Castelli,51,115
074020,Villa Castelli,52,119
074020,Villa Castelli,53,141
074020,Villa Castelli,54,123
074020,Villa Castelli,55,117
074020,Villa Castelli,56,113
074020,Villa Castelli,57,129
074020,Villa Castelli,58,129
074020,Villa Castelli,59,125
074020,Villa Castelli,60,122
074020,Villa Castelli,61,150
074020,Villa Castelli,62,130
074020,Villa Castelli,63,136
074020,Villa Castelli,64,125
074020,Villa Castelli,65,117
075094,Zollino,18,17
075094,Zollino,19,17
075094,Zollino,20,15
075094,Zollino,21,21
075094,Zollino,22,16
075094,Zollino,23,14
075094,Zollino,24,15
075094,Zollino,25,18
075094,Zollino,26,14
075094,Zollino,27,24
075094,Zollino,28,22
075094,Zollino,29,17
075094,Zollino,30,21
075094,Zollino,31,16
075094,Zollino,32,25
075094,Zollino,33,25
075094,Zollino,34,24
075094,Zollino,35,18
075094,Zollino,36,28
075094,Zollino,37,17
075094,Zollino,38,25
075094,Zollino,39,21
075094,Zollino,40,16
075094,Zollino,41,20
075094,Zollino,42,19
075094,Zollino,43,22
075094,Zollino,44,22
075094,Zollino,45,17
075094,Zollino,46,26
075094,Zollino,47,32
075094,Zollino,48,23
075094,Zollino,49,31
075094,Zollino,50,28
075094,Zollino,51,23
075094,Zollino,52,33
075094,Zollino,53,23
075094,Zollino,54,41
075094,Zollino,55,18
075094,Zollino,56,29
075094,Zollino,57,44
075094,Zollino,58,34
075094,Zollino,59,26
075094,Zollino,60,24
075094,Zollino,61,35
075094,Zollino,62,31
075094,Zollino,63,30
075094,Zollino,64,26
075094,Zollino,65,39
